Date,Visitor,Visitor Score,Home Team,Home Score,Line,season
8/29/13,North Carolina,10,South Carolina,27,13,2013
8/29/13,Nevada-Las Vegas,23,Minnesota,51,13.5,2013
8/29/13,Tulsa,7,Bowling Green,34,3,2013
8/29/13,Akron,7,U-C-F,38,24,2013
8/29/13,Utah State,26,Utah,30,1,2013
8/29/13,Mississippi,39,Vanderbilt,35,-3.5,2013
8/29/13,Rutgers,51,Fresno State,52,10.5,2013
8/29/13,Southern Cal,30,Hawaii,13,-24.5,2013
8/29/13,Sacramento State,0,San Jose State,24, ,2013
8/29/13,Liberty,10,Kent State,17, ,2013
8/29/13,Presbyterian,7,Wake Forest,31, ,2013
8/29/13,Illinois State,28,Ball State,51, ,2013
8/29/13,Indiana State,35,Indiana,73, ,2013
8/29/13,Southern Utah,22,South Alabama,21, ,2013
8/29/13,Towson,33,Connecticut,18, ,2013
8/29/13,Western Carolina,24,Middle Tennessee,45, ,2013
8/29/13,Jackson State,7,Tulane,34, ,2013
8/30/13,Western Michigan,13,Michigan State,26,27.5,2013
8/30/13,Florida Atlantic,6,Miami-Florida,34,31.5,2013
8/30/13,Texas Tech,41,S-M-U,23,-4.5,2013
8/30/13,Morgan State,12,Army,28, ,2013
8/30/13,Samford,31,Georgia State,21, ,2013
8/30/13,North Dakota St,24,Kansas State,21, ,2013
8/30/13,Southern Univ,13,Houston,62, ,2013
8/30/13,Northern Arizona,0,Arizona,35, ,2013
8/31/13,Massachusetts,0,Wisconsin,45,43,2013
8/31/13,Central Michigan,9,Michigan,59,31,2013
8/31/13,Buffalo,20,Ohio State,40,35,2013
8/31/13,Louisiana Tech,14,No Carolina State,40,14.5,2013
8/31/13,Florida Intl,10,Maryland,43,21,2013
8/31/13,Northern Illinois,30,Iowa,27,3,2013
8/31/13,Temple,6,Notre Dame,28,28,2013
8/31/13,Brigham Young,16,Virginia,19,-3,2013
8/31/13,Alabama,35,Virginia Tech,10,-22.5,2013
8/31/13,U-A-B,31,Troy,34,3.5,2013
8/31/13,Purdue,7,Cincinnati,42,11,2013
8/31/13,Kentucky,26,Western Kentucky,35,-4.5,2013
8/31/13,Miami-Ohio,14,Marshall,52,21,2013
8/31/13,Mississippi State,3,Oklahoma State,21,13,2013
8/31/13,UL-Monroe,0,Oklahoma,34,21.5,2013
8/31/13,Texas State,22,Southern Miss,15,9,2013
8/31/13,New Mexico State,7,Texas,56,43.5,2013
8/31/13,Rice,31,Texas A+M,52,30,2013
8/31/13,Toledo,6,Florida,24,22,2013
8/31/13,UL-Lafayette,14,Arkansas,34,10,2013
8/31/13,Washington State,24,Auburn,31,14,2013
8/31/13,Idaho,6,North Texas,40,17,2013
8/31/13,Penn State,23,Syracuse,17,-9,2013
8/31/13,Wyoming,34,Nebraska,37,31,2013
8/31/13,Texas-San Antonio,21,New Mexico,13,4,2013
8/31/13,Georgia,35,Clemson,38,-3,2013
8/31/13,Louisiana State,37,Texas Christian,27,-6,2013
8/31/13,Boise State,6,Washington,38,4.5,2013
8/31/13,Nevada-Reno,20,U.C.L.A.,58,21,2013
8/31/13,Northwestern,44,California,30,-6,2013
8/31/13,Arkansas-Pine Bluff,11,Arkansas State,62, ,2013
8/31/13,Colgate,13,Air Force,38, ,2013
8/31/13,Elon,0,Georgia Tech,70, ,2013
8/31/13,Murray State,14,Missouri,58, ,2013
8/31/13,Austin Peay,0,Tennessee,45, ,2013
8/31/13,Southern Illinois,34,Illinois,42, ,2013
8/31/13,Villanova,14,Boston College,24, ,2013
8/31/13,William + Mary,17,West Virginia,24, ,2013
8/31/13,No Carolina Central,0,Duke,45, ,2013
8/31/13,Nicholls State,3,Oregon,66, ,2013
8/31/13,Eastern Washington,49,Oregon State,46, ,2013
8/31/13,Howard,24,Eastern Michigan,34, ,2013
8/31/13,McNeese State,53,South Florida,21, ,2013
8/31/13,Old Dominion,38,East Carolina,52, ,2013
8/31/13,Wofford,3,Baylor,69, ,2013
8/31/13,Eastern Illinois,40,San Diego State,19, ,2013
8/31/13,Northern Iowa,28,Iowa State,20, ,2013
9/1/13,Ohio,7,Louisville,49,21,2013
9/1/13,Colorado,41,Colorado State,27,3,2013
9/2/13,Florida State,41,Pittsburgh,13,-12.5,2013
9/5/13,Florida Atlantic,13,East Carolina,31,21,2013
9/5/13,Sacramento State,0,Arizona State,55, ,2013
9/6/13,Wake Forest,10,Boston College,24,3,2013
9/6/13,U-C-F,38,Florida Intl,0,-26,2013
9/7/13,Florida,16,Miami-Florida,21,-3.5,2013
9/7/13,Miami-Ohio,7,Kentucky,41,18,2013
9/7/13,South Florida,6,Michigan State,21,23,2013
9/7/13,Oklahoma State,56,Texas-San Antonio,35,-30,2013
9/7/13,Houston,22,Temple,13,-3.5,2013
9/7/13,North Texas,21,Ohio,27,4,2013
9/7/13,Middle Tennessee,20,North Carolina,40,20,2013
9/7/13,Cincinnati,17,Illinois,45,-9.5,2013
9/7/13,West Virginia,7,Oklahoma,16,22,2013
9/7/13,South Carolina,30,Georgia,41,3.5,2013
9/7/13,San Diego State,7,Ohio State,42,29.5,2013
9/7/13,Utah State,52,Air Force,20,-9.5,2013
9/7/13,South Alabama,41,Tulane,39,6.5,2013
9/7/13,Oregon,59,Virginia,10,-27.5,2013
9/7/13,Duke,28,Memphis,14,-4,2013
9/7/13,Syracuse,27,Northwestern,48,17,2013
9/7/13,Navy,41,Indiana,35,12,2013
9/7/13,Southern Miss,13,Nebraska,56,28.5,2013
9/7/13,Texas,21,Brigham Young,40,-8.5,2013
9/7/13,U-A-B,17,Louisiana State,56,35,2013
9/7/13,Toledo,23,Missouri,38,14.5,2013
9/7/13,Colorado State,27,Tulsa,30,13.5,2013
9/7/13,Arkansas State,9,Auburn,38,10.5,2013
9/7/13,Army,14,Ball State,40,10.5,2013
9/7/13,Eastern Michigan,7,Penn State,45,28.5,2013
9/7/13,Buffalo,13,Baylor,70,30,2013
9/7/13,Bowling Green,41,Kent State,22,-7.5,2013
9/7/13,Western Kentucky,20,Tennessee,52,14,2013
9/7/13,UL-Lafayette,27,Kansas State,48,13,2013
9/7/13,Notre Dame,30,Michigan,41,6,2013
9/7/13,Hawaii,14,Oregon State,33,27,2013
9/7/13,Minnesota,44,New Mexico State,21,-16.5,2013
9/7/13,Idaho,10,Wyoming,42,29.5,2013
9/7/13,New Mexico,42,UTEP,35,7.5,2013
9/7/13,Washington State,10,Southern Cal,7,16,2013
9/7/13,Arizona,58,Nevada-Las Vegas,13,-13,2013
9/7/13,San Jose State,13,Stanford,34,24.5,2013
9/7/13,Eastern Kentucky,7,Louisville,44, ,2013
9/7/13,Indiana State,14,Purdue,20, ,2013
9/7/13,Norfolk State,0,Rutgers,38, ,2013
9/7/13,Samford,21,Arkansas,31, ,2013
9/7/13,S E Louisiana,17,Texas Christian,38, ,2013
9/7/13,Sam Houston State,28,Texas A+M,65, ,2013
9/7/13,Missouri State,14,Iowa,28, ,2013
9/7/13,Tennessee Tech,0,Wisconsin,48, ,2013
9/7/13,So Carolina State,13,Clemson,52, ,2013
9/7/13,Western Carolina,3,Virginia Tech,45, ,2013
9/7/13,Chattanooga,42,Georgia State,14, ,2013
9/7/13,Maine,24,Massachusetts,14, ,2013
9/7/13,Weber State,7,Utah,70, ,2013
9/7/13,New Hampshire,21,Central Michigan,24, ,2013
9/7/13,Tennessee-Martin,14,Boise State,63, ,2013
9/7/13,Alcorn State,7,Mississippi State,51, ,2013
9/7/13,Old Dominion,10,Maryland,47, ,2013
9/7/13,Portland State,30,California,37, ,2013
9/7/13,James Madison,33,Akron,35, ,2013
9/7/13,Richmond,21,No Carolina State,23, ,2013
9/7/13,Gardner-Webb,0,Marshall,55, ,2013
9/7/13,Stephen F Austin,13,Texas Tech,61, ,2013
9/7/13,Grambling,10,UL-Monroe,48, ,2013
9/7/13,Lamar,14,Louisiana Tech,27, ,2013
9/7/13,Nicholls State,27,Western Michigan,23, ,2013
9/7/13,Prairie View,3,Texas State,28, ,2013
9/7/13,Savannah State,3,Troy,66, ,2013
9/7/13,South Dakota,14,Kansas,31, ,2013
9/7/13,Central Arkansas,24,Colorado,38, ,2013
9/7/13,Montana State,30,S-M-U,31, ,2013
9/7/13,Austin Peay,3,Vanderbilt,38, ,2013
9/7/13,S E Missouri St,13,Mississippi,31, ,2013
9/7/13,UC-Davis,7,Nevada-Reno,36, ,2013
9/7/13,Cal-San Luis Obispo,25,Fresno State,41, ,2013
9/12/13,Texas Christian,10,Texas Tech,20,-3,2013
9/12/13,Tulane,24,Louisiana Tech,15,7,2013
9/12/13,Troy,34,Arkansas State,41,6.5,2013
9/13/13,Air Force,20,Boise State,42,24,2013
9/14/13,Eastern Michigan,10,Rutgers,28,28,2013
9/14/13,Stanford,34,Army,20,-31,2013
9/14/13,Georgia State,7,West Virginia,41,40.5,2013
9/14/13,Louisville,27,Kentucky,13,-14.5,2013
9/14/13,Marshall,31,Ohio,34,-8,2013
9/14/13,Akron,24,Michigan,28,36.5,2013
9/14/13,Bowling Green,10,Indiana,42,2.5,2013
9/14/13,Virginia Tech,15,East Carolina,10,-8,2013
9/14/13,Maryland,32,Connecticut,21,-6,2013
9/14/13,New Mexico,27,Pittsburgh,49,22,2013
9/14/13,UL-Monroe,21,Wake Forest,19,1.5,2013
9/14/13,Western Kentucky,24,South Alabama,31,-7,2013
9/14/13,Nevada-Reno,7,Florida State,62,35.5,2013
9/14/13,U.C.L.A.,41,Nebraska,21,0,2013
9/14/13,Georgia Tech,38,Duke,14,-4.5,2013
9/14/13,Tennessee,14,Oregon,59,28.5,2013
9/14/13,Mississippi,44,Texas,23,2,2013
9/14/13,Boston College,7,Southern Cal,35,14,2013
9/14/13,Iowa,27,Iowa State,21,-2,2013
9/14/13,Alabama,49,Texas A+M,42,-9,2013
9/14/13,Northern Illinois,45,Idaho,35,-30.5,2013
9/14/13,Mississippi State,20,Auburn,24,6.5,2013
9/14/13,Washington,34,Illinois,24,-10.5,2013
9/14/13,U-C-F,34,Penn State,31,5,2013
9/14/13,Ball State,27,North Texas,34,-3.5,2013
9/14/13,Memphis,15,Middle Tennessee,17,9.5,2013
9/14/13,Southern Miss,3,Arkansas,24,24.5,2013
9/14/13,Vanderbilt,25,South Carolina,35,13.5,2013
9/14/13,Tulsa,20,Oklahoma,51,23.5,2013
9/14/13,Ohio State,52,California,34,-15.5,2013
9/14/13,Massachusetts,7,Kansas State,37,38,2013
9/14/13,Florida Atlantic,28,South Florida,10,12.5,2013
9/14/13,Kansas,14,Rice,23,7,2013
9/14/13,Kent State,13,Louisiana State,45,36.5,2013
9/14/13,Notre Dame,31,Purdue,24,-19,2013
9/14/13,UTEP,42,New Mexico State,21,-3.5,2013
9/14/13,Western Michigan,17,Northwestern,38,28.5,2013
9/14/13,Texas-San Antonio,13,Arizona,38,25,2013
9/14/13,Oregon State,51,Utah,48,3.5,2013
9/14/13,Central Michigan,21,Nevada-Las Vegas,31,8,2013
9/14/13,Wisconsin,30,Arizona State,32,4,2013
9/14/13,Western Illinois,12,Minnesota,29, ,2013
9/14/13,Fordham,30,Temple,29, ,2013
9/14/13,Youngstown State,17,Michigan State,55, ,2013
9/14/13,Delaware,7,Navy,51, ,2013
9/14/13,Stony Brook,23,Buffalo,26, ,2013
9/14/13,Wagner,0,Syracuse,54, ,2013
9/14/13,Bethune-Cookman,34,Florida Intl,13, ,2013
9/14/13,Cal-San Luis Obispo,17,Colorado State,34, ,2013
9/14/13,Eastern Washington,21,Toledo,33, ,2013
9/14/13,Nicholls State,7,UL-Lafayette,70, ,2013
9/14/13,Northwestern St(LA),9,Cincinnati,66, ,2013
9/14/13,Lamar,3,Oklahoma State,59, ,2013
9/14/13,Northern Colorado,7,Wyoming,35, ,2013
9/14/13,Weber State,6,Utah State,70, ,2013
9/14/13,Southern Utah,10,Washington State,48, ,2013
9/19/13,Clemson,26,No Carolina State,14,-14,2013
9/20/13,Boise State,40,Fresno State,41,4,2013
9/21/13,North Texas,21,Georgia,45,34.5,2013
9/21/13,Florida Intl,0,Louisville,72,41.5,2013
9/21/13,Western Michigan,3,Iowa,59,16,2013
9/21/13,Vanderbilt,24,Massachusetts,7,-29.5,2013
9/21/13,Tennessee,17,Florida,31,15.5,2013
9/21/13,Wake Forest,25,Army,11,-2.5,2013
9/21/13,Pittsburgh,58,Duke,55,-4.5,2013
9/21/13,Michigan,24,Connecticut,21,-19.5,2013
9/21/13,Purdue,10,Wisconsin,41,22.5,2013
9/21/13,Ball State,51,Eastern Michigan,20,-10.5,2013
9/21/13,Kent State,0,Penn State,34,23,2013
9/21/13,Marshall,21,Virginia Tech,29,8.5,2013
9/21/13,Cincinnati,14,Miami-Ohio,0,-24.5,2013
9/21/13,North Carolina,20,Georgia Tech,28,7,2013
9/21/13,West Virginia,0,Maryland,37,4.5,2013
9/21/13,San Jose State,24,Minnesota,43,3.5,2013
9/21/13,Troy,7,Mississippi State,62,13.5,2013
9/21/13,UL-Monroe,7,Baylor,70,31,2013
9/21/13,Wyoming,56,Air Force,23,-5,2013
9/21/13,Utah,20,Brigham Young,13,7,2013
9/21/13,Hawaii,9,Nevada-Reno,31,7.5,2013
9/21/13,Utah State,14,Southern Cal,17,7,2013
9/21/13,S-M-U,13,Texas A+M,42,28.5,2013
9/21/13,Rice,26,Houston,31,3,2013
9/21/13,Michigan State,13,Notre Dame,17,4.5,2013
9/21/13,Kansas State,21,Texas,31,5.5,2013
9/21/13,Arkansas State,7,Memphis,31,-4.5,2013
9/21/13,Louisiana Tech,10,Kansas,13,10.5,2013
9/21/13,Colorado State,6,Alabama,31,39,2013
9/21/13,Arkansas,24,Rutgers,28,0,2013
9/21/13,Arizona State,28,Stanford,42,7,2013
9/21/13,UL-Lafayette,35,Akron,30,-7,2013
9/21/13,Idaho,0,Washington State,42,30.5,2013
9/21/13,Middle Tennessee,42,Florida Atlantic,35,-3,2013
9/21/13,Tulane,17,Syracuse,52,17,2013
9/21/13,Toledo,38,Central Michigan,17,-14,2013
9/21/13,Texas State,7,Texas Tech,33,27.5,2013
9/21/13,Oregon State,34,San Diego State,30,-7,2013
9/21/13,Auburn,21,Louisiana State,35,17,2013
9/21/13,Texas-San Antonio,32,UTEP,13,-3,2013
9/21/13,Missouri,45,Indiana,28,-2.5,2013
9/21/13,New Mexico State,13,U.C.L.A.,59,44.5,2013
9/21/13,Savannah State,7,Miami-Florida,77, ,2013
9/21/13,South Dakota State,20,Nebraska,59, ,2013
9/21/13,Jacksonville St,32,Georgia State,26, ,2013
9/21/13,Austin Peay,0,Ohio,38, ,2013
9/21/13,Northwestern St(LA),28,U-A-B,52, ,2013
9/21/13,Bethune-Cookman,6,Florida State,54, ,2013
9/21/13,Murray State,7,Bowling Green,48, ,2013
9/21/13,Virginia Military,0,Virginia,49, ,2013
9/21/13,Idaho State,0,Washington,56, ,2013
9/21/13,Eastern Illinois,39,Northern Illinois,43, ,2013
9/21/13,Florida A+M,0,Ohio State,76, ,2013
9/21/13,Morgan State,17,Western Kentucky,58, ,2013
9/21/13,Maine,21,Northwestern,35, ,2013
9/21/13,Western Illinois,7,Nevada-Las Vegas,38, ,2013
9/26/13,Virginia Tech,17,Georgia Tech,10,7.5,2013
9/26/13,Iowa State,38,Tulsa,21,3,2013
9/27/13,Middle Tennessee,10,Brigham Young,37,23,2013
9/27/13,Utah State,40,San Jose State,12,-10.5,2013
9/28/13,Virginia,3,Pittsburgh,14,6,2013
9/28/13,Northern Illinois,55,Purdue,24,-4,2013
9/28/13,Troy,31,Duke,38,13.5,2013
9/28/13,Connecticut,12,Buffalo,41,-1.5,2013
9/28/13,Toledo,24,Ball State,31,1.5,2013
9/28/13,Central Michigan,14,No Carolina State,48,24,2013
9/28/13,Kent State,32,Western Michigan,14,-2,2013
9/28/13,East Carolina,55,North Carolina,31,12.5,2013
9/28/13,Florida State,48,Boston College,34,-24.5,2013
9/28/13,U-A-B,24,Vanderbilt,52,20,2013
9/28/13,Miami-Ohio,14,Illinois,50,28.5,2013
9/28/13,S-M-U,17,Texas Christian,48,17,2013
9/28/13,Arkansas State,19,Missouri,41,22.5,2013
9/28/13,Iowa,23,Minnesota,7,-2.5,2013
9/28/13,UTEP,42,Colorado State,59,13.5,2013
9/28/13,Louisiana State,41,Georgia,44,3,2013
9/28/13,Arizona,13,Washington,31,9.5,2013
9/28/13,Mississippi,0,Alabama,25,14.5,2013
9/28/13,California,16,Oregon,55,38.5,2013
9/28/13,Southern Cal,41,Arizona State,62,4.5,2013
9/28/13,Army,35,Louisiana Tech,16,3.5,2013
9/28/13,Texas A+M,45,Arkansas,33,-14.5,2013
9/28/13,Oklahoma,35,Notre Dame,21,-4.5,2013
9/28/13,Southern Miss,7,Boise State,60,29,2013
9/28/13,Miami-Florida,49,South Florida,21,-18.5,2013
9/28/13,Wake Forest,7,Clemson,56,29.5,2013
9/28/13,Temple,24,Idaho,26,-7.5,2013
9/28/13,Tulane,31,UL-Monroe,14,12.5,2013
9/28/13,Houston,59,Texas-San Antonio,28,2,2013
9/28/13,Akron,14,Bowling Green,31,15,2013
9/28/13,Colorado,17,Oregon State,44,12,2013
9/28/13,South Carolina,28,U-C-F,25,-7,2013
9/28/13,Florida,24,Kentucky,7,-12,2013
9/28/13,Stanford,55,Washington State,17,-9.5,2013
9/28/13,Wyoming,21,Texas State,42,-11,2013
9/28/13,Navy,7,Western Kentucky,19,-4,2013
9/28/13,Florida Atlantic,14,Rice,18,14.5,2013
9/28/13,South Alabama,24,Tennessee,31,17,2013
9/28/13,Air Force,42,Nevada-Reno,45,12.5,2013
9/28/13,Oklahoma State,21,West Virginia,30,-20,2013
9/28/13,Wisconsin,24,Ohio State,31,7.5,2013
9/28/13,Nevada-Las Vegas,56,New Mexico,42,1.5,2013
9/28/13,San Diego State,26,New Mexico State,16,-16.5,2013
9/28/13,Fresno State,42,Hawaii,37,-17.5,2013
10/3/13,Texas,31,Iowa State,30,-7.5,2013
10/3/13,Western Kentucky,31,UL-Monroe,10,-8,2013
10/3/13,U.C.L.A.,34,Utah,27,-6.5,2013
10/4/13,Brigham Young,31,Utah State,14,6.5,2013
10/4/13,Nevada-Reno,44,San Diego State,51,6,2013
10/5/13,Air Force,10,Navy,28,13.5,2013
10/5/13,Michigan State,26,Iowa,14,2,2013
10/5/13,Louisville,30,Temple,7,-34,2013
10/5/13,Western Michigan,20,Toledo,47,23.5,2013
10/5/13,Eastern Michigan,14,Buffalo,42,13.5,2013
10/5/13,Georgia State,3,Alabama,45,53.5,2013
10/5/13,Army,27,Boston College,48,12,2013
10/5/13,Central Michigan,21,Miami-Ohio,9,-3,2013
10/5/13,Ball State,48,Virginia,27,3,2013
10/5/13,Maryland,0,Florida State,63,17,2013
10/5/13,Georgia Tech,30,Miami-Florida,45,7,2013
10/5/13,Clemson,49,Syracuse,14,-14.5,2013
10/5/13,No Carolina State,13,Wake Forest,28,-8,2013
10/5/13,Illinois,19,Nebraska,39,8,2013
10/5/13,Texas-San Antonio,10,Marshall,34,15,2013
10/5/13,North Texas,21,Tulane,24,-3,2013
10/5/13,Oregon,57,Colorado,16,-40.5,2013
10/5/13,Georgia,34,Tennessee,31,-14,2013
10/5/13,Arkansas,10,Florida,30,13,2013
10/5/13,Louisiana State,59,Mississippi State,26,-9,2013
10/5/13,Rice,30,Tulsa,27,3,2013
10/5/13,North Carolina,17,Virginia Tech,27,9,2013
10/5/13,Texas Christian,17,Oklahoma,20,9.5,2013
10/5/13,Cincinnati,20,South Florida,26,-12,2013
10/5/13,Kansas State,29,Oklahoma State,33,14,2013
10/5/13,Missouri,51,Vanderbilt,28,-2,2013
10/5/13,Minnesota,13,Michigan,42,19,2013
10/5/13,U-C-F,24,Memphis,17,-10,2013
10/5/13,Rutgers,55,S-M-U,52,-4.5,2013
10/5/13,Fresno State,61,Idaho,14,-28,2013
10/5/13,Texas State,24,UL-Lafayette,48,11,2013
10/5/13,South Alabama,33,Troy,34,3.5,2013
10/5/13,New Mexico State,17,New Mexico,66,11,2013
10/5/13,Washington State,44,California,22,-2,2013
10/5/13,Washington,28,Stanford,31,9.5,2013
10/5/13,Northern Illinois,38,Kent State,24,-9,2013
10/5/13,Mississippi,22,Auburn,30,-3,2013
10/5/13,Kentucky,28,South Carolina,35,21.5,2013
10/5/13,Florida Intl,24,Southern Miss,23,16.5,2013
10/5/13,Massachusetts,7,Bowling Green,28,27,2013
10/5/13,Florida Atlantic,37,U-A-B,23,4,2013
10/5/13,Texas Tech,54,Kansas,16,-17,2013
10/5/13,East Carolina,24,Middle Tennessee,17,-7.5,2013
10/5/13,Ohio,43,Akron,3,-3,2013
10/5/13,Arizona State,34,Notre Dame,37,-6.5,2013
10/5/13,West Virginia,42,Baylor,73,29,2013
10/5/13,Louisiana Tech,38,UTEP,35,-2.5,2013
10/5/13,Ohio State,40,Northwestern,30,-7,2013
10/5/13,Penn State,24,Indiana,44,-4,2013
10/5/13,San Jose State,37,Hawaii,27,-4,2013
10/10/13,Rutgers,10,Louisville,24,19,2013
10/10/13,San Diego State,27,Air Force,20,-4,2013
10/10/13,Arizona,31,Southern Cal,38,6,2013
10/11/13,Temple,20,Cincinnati,38,20,2013
10/12/13,Oklahoma,20,Texas,36,-13.5,2013
10/12/13,Indiana,28,Michigan State,42,10,2013
10/12/13,Pittsburgh,9,Virginia Tech,19,7,2013
10/12/13,Miami-Ohio,10,Massachusetts,17,6.5,2013
10/12/13,Boston College,14,Clemson,24,23.5,2013
10/12/13,Buffalo,33,Western Michigan,0,-9.5,2013
10/12/13,Central Michigan,26,Ohio,23,20,2013
10/12/13,Eastern Michigan,25,Army,50,10,2013
10/12/13,Virginia,26,Maryland,27,5,2013
10/12/13,South Florida,13,Connecticut,10,4,2013
10/12/13,Navy,7,Duke,35,4.5,2013
10/12/13,Troy,35,Georgia State,28,-15,2013
10/12/13,Texas A+M,41,Mississippi,38,-7,2013
10/12/13,Kent State,24,Ball State,27,13.5,2013
10/12/13,Bowling Green,20,Mississippi State,21,11.5,2013
10/12/13,Akron,20,Northern Illinois,27,24,2013
10/12/13,Iowa State,35,Texas Tech,42,14,2013
10/12/13,Rice,27,Texas-San Antonio,21,-1,2013
10/12/13,New Mexico,31,Wyoming,38,13,2013
10/12/13,Stanford,21,Utah,27,-7,2013
10/12/13,Georgia Tech,20,Brigham Young,38,7,2013
10/12/13,Nebraska,44,Purdue,7,-13,2013
10/12/13,Missouri,41,Georgia,26,7,2013
10/12/13,Baylor,35,Kansas State,25,-16.5,2013
10/12/13,Florida,6,Louisiana State,17,7,2013
10/12/13,Colorado,13,Arizona State,54,28,2013
10/12/13,Oregon,45,Washington,24,-12,2013
10/12/13,California,10,U.C.L.A.,37,25.5,2013
10/12/13,Northwestern,6,Wisconsin,35,11,2013
10/12/13,East Carolina,33,Tulane,36,-13.5,2013
10/12/13,South Carolina,52,Arkansas,7,-5,2013
10/12/13,Alabama,48,Kentucky,7,-26,2013
10/12/13,San Jose State,34,Colorado State,27,3.5,2013
10/12/13,Idaho,24,Arkansas State,48,26.5,2013
10/12/13,Michigan,40,Penn State,43,-1,2013
10/12/13,Syracuse,24,No Carolina State,10,6,2013
10/12/13,Memphis,15,Houston,25,8,2013
10/12/13,U-A-B,27,Florida Intl,24,-6,2013
10/12/13,Marshall,24,Florida Atlantic,23,-10,2013
10/12/13,Kansas,17,Texas Christian,27,24,2013
10/12/13,Middle Tennessee,7,North Texas,34,6,2013
10/12/13,UL-Monroe,21,Texas State,14,5.5,2013
10/12/13,Boise State,34,Utah State,23,-5,2013
10/12/13,Oregon State,52,Washington State,24,0,2013
10/12/13,Tulsa,34,UTEP,20,-10,2013
10/12/13,Hawaii,37,Nevada-Las Vegas,39,7.5,2013
10/12/13,Western Carolina,3,Auburn,62, ,2013
10/15/13,UL-Lafayette,37,Western Kentucky,20,3,2013
10/17/13,Miami-Florida,27,North Carolina,23,-9,2013
10/18/13,U-C-F,38,Louisville,35,14.5,2013
10/19/13,Duke,35,Virginia,22,2.5,2013
10/19/13,Army,14,Temple,33,-1,2013
10/19/13,Ohio,56,Eastern Michigan,28,-13.5,2013
10/19/13,Ball State,38,Western Michigan,17,-18.5,2013
10/19/13,Northern Illinois,38,Central Michigan,17,-14.5,2013
10/19/13,Purdue,0,Michigan State,14,28,2013
10/19/13,Southern Miss,14,East Carolina,55,24,2013
10/19/13,Florida State,51,Clemson,14,-4.5,2013
10/19/13,Maryland,10,Wake Forest,34,-4.5,2013
10/19/13,Texas Tech,37,West Virginia,27,-3.5,2013
10/19/13,Minnesota,20,Northwestern,17,12.5,2013
10/19/13,Navy,44,Toledo,45,9,2013
10/19/13,Connecticut,16,Cincinnati,41,14,2013
10/19/13,S-M-U,34,Memphis,29,3.5,2013
10/19/13,Colorado State,52,Wyoming,22,6.5,2013
10/19/13,Auburn,45,Texas A+M,41,12.5,2013
10/19/13,Washington State,38,Oregon,62,39.5,2013
10/19/13,Indiana,47,Michigan,63,8.5,2013
10/19/13,Syracuse,0,Georgia Tech,56,7,2013
10/19/13,Oregon State,49,California,17,-11,2013
10/19/13,Iowa,24,Ohio State,34,19,2013
10/19/13,Arkansas,0,Alabama,52,29,2013
10/19/13,South Carolina,21,Tennessee,23,-7,2013
10/19/13,Washington,24,Arizona State,53,3.5,2013
10/19/13,North Texas,28,Louisiana Tech,13,-3.5,2013
10/19/13,Kent State,21,South Alabama,38,7.5,2013
10/19/13,Utah State,45,New Mexico,10,-14,2013
10/19/13,Florida,17,Missouri,36,-3,2013
10/19/13,Louisiana State,24,Mississippi,27,-10,2013
10/19/13,Brigham Young,47,Houston,46,-10,2013
10/19/13,Massachusetts,3,Buffalo,32,19.5,2013
10/19/13,Georgia State,17,Texas State,24,16,2013
10/19/13,Akron,24,Miami-Ohio,17,-6,2013
10/19/13,Iowa State,7,Baylor,71,33,2013
10/19/13,Oklahoma,34,Kansas,19,-21,2013
10/19/13,Texas Christian,10,Oklahoma State,24,6.5,2013
10/19/13,U.C.L.A.,10,Stanford,24,4,2013
10/19/13,Southern Cal,10,Notre Dame,14,2,2013
10/19/13,Rice,45,New Mexico State,19,-17,2013
10/19/13,Nevada-Reno,17,Boise State,34,23.5,2013
10/19/13,Wisconsin,56,Illinois,32,-14.5,2013
10/19/13,Georgia,27,Vanderbilt,31,-6.5,2013
10/19/13,Utah,24,Arizona,35,3.5,2013
10/19/13,Nevada-Las Vegas,14,Fresno State,38,24.5,2013
10/19/13,Old Dominion,24,Pittsburgh,35, ,2013
10/19/13,Charleston Southern,10,Colorado,43, ,2013
10/22/13,UL-Lafayette,23,Arkansas State,7,-1,2013
10/24/13,Kentucky,22,Mississippi State,28,12,2013
10/24/13,Marshall,49,Middle Tennessee,51,-9.5,2013
10/25/13,Boise State,20,Brigham Young,37,6.5,2013
10/26/13,Georgia Tech,35,Virginia,25,-10,2013
10/26/13,Connecticut,17,U-C-F,62,24.5,2013
10/26/13,Ball State,42,Akron,24,-9.5,2013
10/26/13,Miami-Ohio,16,Ohio,41,26,2013
10/26/13,Buffalo,41,Kent State,21,-3,2013
10/26/13,Western Michigan,31,Massachusetts,30,4.5,2013
10/26/13,Houston,49,Rutgers,14,7,2013
10/26/13,Boston College,10,North Carolina,34,5.5,2013
10/26/13,Clemson,40,Maryland,27,-16.5,2013
10/26/13,Duke,13,Virginia Tech,10,12,2013
10/26/13,Pittsburgh,21,Navy,24,-4.5,2013
10/26/13,U-A-B,31,Texas-San Antonio,52,8,2013
10/26/13,Temple,49,S-M-U,59,14,2013
10/26/13,Eastern Michigan,20,Northern Illinois,59,31.5,2013
10/26/13,Arizona,44,Colorado,20,-12.5,2013
10/26/13,Vanderbilt,24,Texas A+M,56,17.5,2013
10/26/13,Florida Atlantic,10,Auburn,45,23,2013
10/26/13,Tennessee,10,Alabama,45,27.5,2013
10/26/13,U.C.L.A.,14,Oregon,42,23.5,2013
10/26/13,Utah,3,Southern Cal,19,4.5,2013
10/26/13,Tulsa,7,Tulane,14,-3,2013
10/26/13,California,17,Washington,41,28,2013
10/26/13,West Virginia,12,Kansas State,35,13,2013
10/26/13,Michigan State,42,Illinois,3,-8,2013
10/26/13,Wake Forest,21,Miami-Florida,24,25.5,2013
10/26/13,No Carolina State,17,Florida State,49,35,2013
10/26/13,Texas Tech,30,Oklahoma,38,6.5,2013
10/26/13,Texas,30,Texas Christian,7,3,2013
10/26/13,Northwestern,10,Iowa,17,3.5,2013
10/26/13,Nevada-Las Vegas,27,Nevada-Reno,22,6,2013
10/26/13,Wyoming,44,San Jose State,51,10.5,2013
10/26/13,Stanford,20,Oregon State,12,-4,2013
10/26/13,Troy,32,Western Kentucky,26,10,2013
10/26/13,Notre Dame,45,Air Force,10,-19.5,2013
10/26/13,Georgia State,10,UL-Monroe,38,15.5,2013
10/26/13,South Alabama,31,Texas State,33,-2.5,2013
10/26/13,Idaho,14,Mississippi,59,41.5,2013
10/26/13,North Texas,55,Southern Miss,14,-12,2013
10/26/13,Louisiana Tech,23,Florida Intl,7,-4.5,2013
10/26/13,South Carolina,27,Missouri,24,3,2013
10/26/13,Oklahoma State,58,Iowa State,27,-12.5,2013
10/26/13,Baylor,59,Kansas,14,-34.5,2013
10/26/13,Nebraska,23,Minnesota,34,-10,2013
10/26/13,Louisville,34,South Florida,3,-21,2013
10/26/13,Toledo,28,Bowling Green,25,3.5,2013
10/26/13,Penn State,14,Ohio State,63,15,2013
10/26/13,UTEP,7,Rice,45,17,2013
10/26/13,Fresno State,35,San Diego State,28,-6,2013
10/26/13,Colorado State,35,Hawaii,28,-2,2013
10/26/13,Abilene Christian,29,New Mexico State,34, ,2013
10/26/13,Furman,16,Louisiana State,48, ,2013
10/30/13,Cincinnati,34,Memphis,21,-1.5,2013
10/31/13,South Florida,23,Houston,35,18.5,2013
10/31/13,Rice,16,North Texas,28,2.5,2013
10/31/13,UL-Monroe,49,Troy,37,3,2013
10/31/13,Arizona State,55,Washington State,21,-11,2013
11/1/13,Southern Cal,31,Oregon State,14,4.5,2013
11/2/13,Clemson,59,Virginia,10,-17,2013
11/2/13,Virginia Tech,27,Boston College,34,-3.5,2013
11/2/13,Eastern Michigan,16,Toledo,55,30.5,2013
11/2/13,Northern Illinois,63,Massachusetts,19,-27.5,2013
11/2/13,Kent State,7,Akron,16,1.5,2013
11/2/13,Temple,20,Rutgers,23,11.5,2013
11/2/13,Illinois,17,Penn State,24,12,2013
11/2/13,Pittsburgh,10,Georgia Tech,21,10.5,2013
11/2/13,Wake Forest,0,Syracuse,13,4,2013
11/2/13,Western Kentucky,44,Georgia State,28,-19,2013
11/2/13,Tennessee,3,Missouri,31,10.5,2013
11/2/13,Iowa State,7,Kansas State,41,17.5,2013
11/2/13,Southern Miss,13,Marshall,61,31.5,2013
11/2/13,UTEP,7,Texas A+M,57,48,2013
11/2/13,Middle Tennessee,24,U-A-B,21,-3.5,2013
11/2/13,Texas-San Antonio,34,Tulsa,15,3.5,2013
11/2/13,Army,28,Air Force,42,1,2013
11/2/13,West Virginia,30,Texas Christian,27,11.5,2013
11/2/13,Georgia,23,Florida,20,-3.5,2013
11/2/13,Arizona,33,California,28,-14.5,2013
11/2/13,Miami-Florida,14,Florida State,41,21,2013
11/2/13,Wisconsin,28,Iowa,9,-9,2013
11/2/13,Michigan,6,Michigan State,29,4,2013
11/2/13,Ohio State,56,Purdue,0,-31,2013
11/2/13,Minnesota,42,Indiana,39,8.5,2013
11/2/13,Colorado,23,U.C.L.A.,45,28.5,2013
11/2/13,Navy,34,Notre Dame,38,16,2013
11/2/13,Auburn,35,Arkansas,17,-7,2013
11/2/13,Northwestern,24,Nebraska,27,3.5,2013
11/2/13,Arkansas State,17,South Alabama,16,3,2013
11/2/13,Hawaii,10,Utah State,47,24,2013
11/2/13,San Jose State,34,Nevada-Las Vegas,24,-5,2013
11/2/13,New Mexico State,35,UL-Lafayette,49,32,2013
11/2/13,Texas State,37,Idaho,21,-11,2013
11/2/13,North Carolina,27,No Carolina State,19,-5.5,2013
11/2/13,Kansas,13,Texas,35,26.5,2013
11/2/13,Tulane,17,Florida Atlantic,34,3,2013
11/2/13,Oklahoma State,52,Texas Tech,34,-1,2013
11/2/13,East Carolina,34,Florida Intl,13,-27,2013
11/2/13,Nevada-Reno,23,Fresno State,41,21,2013
11/2/13,Mississippi State,16,South Carolina,34,11.5,2013
11/2/13,Boise State,42,Colorado State,30,-7,2013
11/2/13,New Mexico,30,San Diego State,35,14,2013
11/2/13,Alabama State,14,Kentucky,48, ,2013
11/5/13,Ohio,3,Buffalo,30,4.5,2013
11/5/13,Bowling Green,45,Miami-Ohio,3,-24,2013
11/6/13,Central Michigan,24,Ball State,44,20,2013
11/7/13,Oklahoma,12,Baylor,41,17,2013
11/7/13,Troy,36,UL-Lafayette,41,14,2013
11/7/13,Oregon,20,Stanford,26,-10,2013
11/8/13,Louisville,31,Connecticut,10,-28,2013
11/8/13,Air Force,37,New Mexico,45,3,2013
11/9/13,Iowa,38,Purdue,14,-15.5,2013
11/9/13,Western Kentucky,21,Army,17,-5.5,2013
11/9/13,S-M-U,25,Cincinnati,28,6.5,2013
11/9/13,No Carolina State,20,Duke,38,10,2013
11/9/13,Tulsa,24,East Carolina,58,16,2013
11/9/13,Illinois,35,Indiana,52,9.5,2013
11/9/13,Texas Christian,21,Iowa State,17,-7,2013
11/9/13,Florida State,59,Wake Forest,3,-34,2013
11/9/13,U-A-B,14,Marshall,56,24.5,2013
11/9/13,Virginia Tech,42,Miami-Florida,24,4.5,2013
11/9/13,Penn State,10,Minnesota,24,3,2013
11/9/13,Syracuse,20,Maryland,3,5,2013
11/9/13,Missouri,48,Kentucky,17,-14,2013
11/9/13,Virginia,14,North Carolina,45,12,2013
11/9/13,Vanderbilt,34,Florida,17,11.5,2013
11/9/13,Western Michigan,32,Eastern Michigan,35,-2.5,2013
11/9/13,Tulane,7,Texas-San Antonio,10,9.5,2013
11/9/13,Fresno State,48,Wyoming,10,-8.5,2013
11/9/13,Kansas State,49,Texas Tech,26,2.5,2013
11/9/13,Brigham Young,17,Wisconsin,27,8.5,2013
11/9/13,Arkansas,24,Mississippi,34,16.5,2013
11/9/13,Nevada-Reno,17,Colorado State,38,8.5,2013
11/9/13,Colorado,7,Washington,59,28,2013
11/9/13,Texas,47,West Virginia,40,-5,2013
11/9/13,Arizona State,20,Utah,19,-7,2013
11/9/13,Nebraska,17,Michigan,13,7,2013
11/9/13,Hawaii,28,Navy,42,17,2013
11/9/13,UTEP,7,North Texas,41,26.5,2013
11/9/13,Kansas,6,Oklahoma State,42,30.5,2013
11/9/13,Southern Cal,62,California,28,-17,2013
11/9/13,Notre Dame,21,Pittsburgh,28,-3.5,2013
11/9/13,Mississippi State,41,Texas A+M,51,18.5,2013
11/9/13,Boston College,48,New Mexico State,34,-25,2013
11/9/13,Utah State,28,Nevada-Las Vegas,24,-15.5,2013
11/9/13,Florida Intl,0,Middle Tennessee,48,19.5,2013
11/9/13,Arkansas State,42,UL-Monroe,14,2.5,2013
11/9/13,Southern Miss,13,Louisiana Tech,36,17,2013
11/9/13,Auburn,55,Tennessee,23,-7,2013
11/9/13,Houston,14,U-C-F,19,13,2013
11/9/13,U.C.L.A.,31,Arizona,26,2,2013
11/9/13,Louisiana State,17,Alabama,38,10.5,2013
11/9/13,San Diego State,34,San Jose State,30,6.5,2013
11/9/13,Appalachian State,6,Georgia,45, ,2013
11/9/13,Tennessee-Martin,6,Memphis,21, ,2013
11/9/13,Old Dominion,59,Idaho,38, ,2013
11/12/13,Ohio,0,Bowling Green,49,8,2013
11/12/13,Buffalo,41,Toledo,51,5.5,2013
11/13/13,Ball State,27,Northern Illinois,48,8,2013
11/13/13,Miami-Ohio,6,Kent State,24,19.5,2013
11/14/13,Georgia Tech,31,Clemson,55,10.5,2013
11/14/13,Marshall,45,Tulsa,34,-13.5,2013
11/15/13,Washington,31,U.C.L.A.,41,3,2013
11/16/13,Miami-Florida,30,Duke,48,-3.5,2013
11/16/13,Indiana,3,Wisconsin,51,27,2013
11/16/13,Kentucky,6,Vanderbilt,22,11,2013
11/16/13,Houston,13,Louisville,20,16.5,2013
11/16/13,Central Michigan,27,Western Michigan,22,-3,2013
11/16/13,Maryland,27,Virginia Tech,24,14.5,2013
11/16/13,No Carolina State,21,Boston College,38,7,2013
11/16/13,Cincinnati,52,Rutgers,17,0,2013
11/16/13,North Carolina,34,Pittsburgh,27,1.5,2013
11/16/13,U-C-F,39,Temple,36,-17.5,2013
11/16/13,Purdue,21,Penn State,45,21.5,2013
11/16/13,Florida,14,South Carolina,19,14.5,2013
11/16/13,Michigan,27,Northwestern,19,3,2013
11/16/13,Syracuse,3,Florida State,59,37.5,2013
11/16/13,Florida Atlantic,41,Southern Miss,7,-17.5,2013
11/16/13,Akron,14,Massachusetts,13,-6.5,2013
11/16/13,U-A-B,14,East Carolina,63,28,2013
11/16/13,Connecticut,21,S-M-U,38,16,2013
11/16/13,West Virginia,19,Kansas,31,-6.5,2013
11/16/13,UL-Lafayette,35,Georgia State,21,-20.5,2013
11/16/13,California,24,Colorado,41,1.5,2013
11/16/13,Texas Tech,34,Baylor,63,27.5,2013
11/16/13,Wyoming,7,Boise State,48,24,2013
11/16/13,Oregon State,17,Arizona State,30,13.5,2013
11/16/13,Georgia,38,Auburn,43,3,2013
11/16/13,Oklahoma State,38,Texas,13,-3,2013
11/16/13,Iowa State,10,Oklahoma,48,23,2013
11/16/13,Utah,21,Oregon,44,28,2013
11/16/13,South Alabama,14,Navy,42,6.5,2013
11/16/13,Michigan State,41,Nebraska,28,-5.5,2013
11/16/13,Ohio State,60,Illinois,35,-33.5,2013
11/16/13,San Jose State,16,Nevada-Reno,38,-7,2013
11/16/13,Alabama,20,Mississippi State,7,-22.5,2013
11/16/13,Stanford,17,Southern Cal,20,-3,2013
11/16/13,Colorado State,66,New Mexico,42,-6.5,2013
11/16/13,Memphis,23,South Florida,10,-1.5,2013
11/16/13,Louisiana Tech,14,Rice,52,14.5,2013
11/16/13,Texas Christian,31,Kansas State,33,11.5,2013
11/16/13,Troy,21,Mississippi,51,28.5,2013
11/16/13,Texas State,21,Arkansas State,38,7,2013
11/16/13,Florida Intl,10,UTEP,33,5.5,2013
11/16/13,Washington State,24,Arizona,17,10.5,2013
11/16/13,San Diego State,28,Hawaii,21,-5,2013
11/16/13,Idaho State,13,Brigham Young,59, ,2013
11/19/13,Buffalo,44,Miami-Ohio,7,-24,2013
11/19/13,Kent State,44,Ohio,13,4.5,2013
11/20/13,Northern Illinois,35,Toledo,17,0,2013
11/21/13,Rutgers,17,U-C-F,41,19.5,2013
11/21/13,Rice,37,U-A-B,34,-17,2013
11/21/13,Nevada-Las Vegas,41,Air Force,21,1,2013
11/22/13,Navy,58,San Jose State,52,1.5,2013
11/23/13,Nebraska,23,Penn State,20,1,2013
11/23/13,Illinois,20,Purdue,16,-6,2013
11/23/13,Pittsburgh,17,Syracuse,16,0,2013
11/23/13,Connecticut,28,Temple,21,6.5,2013
11/23/13,Indiana,14,Ohio State,42,33.5,2013
11/23/13,Michigan State,30,Northwestern,6,-6.5,2013
11/23/13,East Carolina,42,No Carolina State,28,-6.5,2013
11/23/13,Idaho,14,Florida State,80,59,2013
11/23/13,Marshall,48,Florida Intl,10,-32.5,2013
11/23/13,Kentucky,17,Georgia,59,26,2013
11/23/13,Kansas,0,Iowa State,34,4,2013
11/23/13,Duke,28,Wake Forest,21,-6,2013
11/23/13,Boston College,29,Maryland,26,-1,2013
11/23/13,Wisconsin,20,Minnesota,7,-17,2013
11/23/13,Virginia,26,Miami-Florida,45,20.5,2013
11/23/13,Cincinnati,24,Houston,17,2,2013
11/23/13,Memphis,17,Louisville,24,22.5,2013
11/23/13,Vanderbilt,14,Tennessee,10,2.5,2013
11/23/13,Massachusetts,0,Central Michigan,37,13.5,2013
11/23/13,Bowling Green,58,Eastern Michigan,7,-25.5,2013
11/23/13,Hawaii,56,Wyoming,59,6.5,2013
11/23/13,Western Kentucky,37,Texas State,7,-5.5,2013
11/23/13,Michigan,21,Iowa,24,5.5,2013
11/23/13,Arizona State,38,U.C.L.A.,33,-3,2013
11/23/13,Colorado State,0,Utah State,13,11,2013
11/23/13,Southern Cal,47,Colorado,29,-20,2013
11/23/13,Texas A+M,10,Louisiana State,34,4,2013
11/23/13,Mississippi State,24,Arkansas,17,-1.5,2013
11/23/13,Oregon,16,Arizona,42,-18,2013
11/23/13,UTEP,3,Tulane,45,15.5,2013
11/23/13,California,13,Stanford,63,32,2013
11/23/13,Texas-San Antonio,21,North Texas,13,7.5,2013
11/23/13,Brigham Young,13,Notre Dame,23,1,2013
11/23/13,Baylor,17,Oklahoma State,49,-8,2013
11/23/13,Middle Tennessee,42,Southern Miss,21,-22.5,2013
11/23/13,Georgia State,33,Arkansas State,35,24,2013
11/23/13,Washington,69,Oregon State,27,2,2013
11/23/13,UL-Monroe,14,South Alabama,36,3.5,2013
11/23/13,S-M-U,16,South Florida,6,-4.5,2013
11/23/13,New Mexico,28,Fresno State,69,33,2013
11/23/13,New Mexico State,10,Florida Atlantic,55,22.5,2013
11/23/13,Tulsa,24,Louisiana Tech,14,-3,2013
11/23/13,Oklahoma,41,Kansas State,31,5,2013
11/23/13,Missouri,24,Mississippi,10,-2,2013
11/23/13,Utah,37,Washington State,49,2,2013
11/23/13,Boise State,31,San Diego State,34,-6.5,2013
11/23/13,Old Dominion,20,North Carolina,80, ,2013
11/23/13,Chattanooga,0,Alabama,49, ,2013
11/23/13,Georgia Southern,26,Florida,20, ,2013
11/23/13,Coastal Carolina,10,South Carolina,70, ,2013
11/23/13,Alabama A+M,7,Georgia Tech,66, ,2013
11/23/13,The Citadel,6,Clemson,52, ,2013
11/26/13,Western Michigan,14,Northern Illinois,33,35,2013
11/28/13,Texas Tech,16,Texas,41,4.5,2013
11/28/13,Mississippi,10,Mississippi State,17,-3,2013
11/29/13,Iowa,38,Nebraska,17,2.5,2013
11/29/13,Toledo,29,Akron,31,-11,2013
11/29/13,Miami-Ohio,14,Ball State,55,35,2013
11/29/13,Eastern Michigan,10,Central Michigan,42,17.5,2013
11/29/13,Massachusetts,23,Ohio,51,19.5,2013
11/29/13,East Carolina,28,Marshall,59,3,2013
11/29/13,Bowling Green,24,Buffalo,7,-3.5,2013
11/29/13,Arkansas,27,Louisiana State,31,28,2013
11/29/13,Texas State,28,Troy,42,8.5,2013
11/29/13,Florida Intl,6,Florida Atlantic,21,27.5,2013
11/29/13,South Florida,20,U-C-F,23,26,2013
11/29/13,Fresno State,52,San Jose State,62,-10.5,2013
11/29/13,Miami-Florida,41,Pittsburgh,31,-1.5,2013
11/29/13,Washington State,17,Washington,27,16.5,2013
11/29/13,S-M-U,0,Houston,34,9.5,2013
11/29/13,Oregon State,35,Oregon,36,23.5,2013
11/30/13,Ohio State,42,Michigan,41,-17,2013
11/30/13,Boston College,31,Syracuse,34,-2.5,2013
11/30/13,Maryland,41,No Carolina State,21,-3,2013
11/30/13,Wake Forest,21,Vanderbilt,23,14.5,2013
11/30/13,Duke,27,North Carolina,25,5,2013
11/30/13,Iowa State,52,West Virginia,44,7.5,2013
11/30/13,Northwestern,37,Illinois,34,-3.5,2013
11/30/13,Purdue,36,Indiana,56,20.5,2013
11/30/13,Rutgers,17,Connecticut,28,-2,2013
11/30/13,Tennessee,27,Kentucky,14,-3.5,2013
11/30/13,Minnesota,3,Michigan State,14,17,2013
11/30/13,Temple,41,Memphis,21,8,2013
11/30/13,Southern Miss,62,U-A-B,27,15,2013
11/30/13,South Alabama,38,Georgia State,17,-8,2013
11/30/13,Wyoming,7,Utah State,35,24,2013
11/30/13,Colorado,17,Utah,24,16.5,2013
11/30/13,Brigham Young,28,Nevada-Reno,23,-16.5,2013
11/30/13,Tulane,13,Rice,17,9.5,2013
11/30/13,Georgia,41,Georgia Tech,34,-2.5,2013
11/30/13,Texas A+M,21,Missouri,28,4,2013
11/30/13,Virginia Tech,16,Virginia,6,-10.5,2013
11/30/13,Alabama,28,Auburn,34,-10,2013
11/30/13,New Mexico,17,Boise State,45,36,2013
11/30/13,Baylor,41,Texas Christian,38,-14.5,2013
11/30/13,Florida State,37,Florida,7,-28,2013
11/30/13,Air Force,13,Colorado State,58,17,2013
11/30/13,Kansas State,31,Kansas,10,-18,2013
11/30/13,Penn State,31,Wisconsin,24,25,2013
11/30/13,Louisiana Tech,10,Texas-San Antonio,30,16.5,2013
11/30/13,Idaho,16,New Mexico State,24,2.5,2013
11/30/13,San Diego State,19,Nevada-Las Vegas,45,-4.5,2013
11/30/13,Arkansas State,31,Western Kentucky,34,6,2013
11/30/13,North Texas,42,Tulsa,10,-4,2013
11/30/13,UL-Monroe,31,UL-Lafayette,28,17.5,2013
11/30/13,UTEP,17,Middle Tennessee,48,24,2013
11/30/13,Clemson,17,South Carolina,31,3,2013
11/30/13,U.C.L.A.,35,Southern Cal,14,4.5,2013
11/30/13,Notre Dame,20,Stanford,27,16.5,2013
11/30/13,Arizona,21,Arizona State,58,11,2013
11/30/13,Army,42,Hawaii,49,6.5,2013
12/5/13,Louisville,31,Cincinnati,24,-3,2013
12/6/13,Bowling Green,47,Northern Illinois,27,3,2013
12/7/13,Memphis,10,Connecticut,45,-1.5,2013
12/7/13,South Florida,6,Rutgers,31,3.5,2013
12/7/13,Texas,10,Baylor,30,16,2013
12/7/13,UL-Lafayette,8,South Alabama,30,3,2013
12/7/13,U-C-F,17,S-M-U,13,-13.5,2013
12/7/13,Oklahoma,33,Oklahoma State,24,10,2013
12/7/13,Marshall,24,Rice,41,-6.5,2013
12/7/13,Missouri,42,Auburn,59,-1,2013
12/7/13,Duke,7,Florida State,45,29.5,2013
12/7/13,Stanford,38,Arizona State,14,3.5,2013
12/7/13,Ohio State,24,Michigan State,34,-5.5,2013
12/7/13,Utah State,17,Fresno State,24,3,2013
12/14/13,Army,7,Navy,34,12,2013
8/27/14,Abilene Christian,,Georgia State,,,2014
8/28/14,Texas A+M,,South Carolina,,10.5,2014
8/28/14,Wake Forest,,UL-Monroe,,-2.5,2014
8/28/14,Tulane,,Tulsa,,5,2014
8/28/14,Boise State,,Mississippi,,-9.5,2014
8/28/14,Temple,,Vanderbilt,,14,2014
8/28/14,Rutgers,,Washington State,,8,2014
8/28/14,Chattanooga,,Central Michigan,,,2014
8/28/14,Eastern Illinois,,Minnesota,,,2014
8/28/14,Howard,,Akron,,,2014
8/28/14,Presbyterian,,Northern Illinois,,,2014
8/28/14,Idaho State,,Utah,,,2014
8/28/14,Cal-San Luis Obispo,,New Mexico State,,,2014
8/28/14,North Dakota,,San Jose State,,,2014
8/28/14,Weber State,,Arizona State,,,2014
8/29/14,Brigham Young,,Connecticut,,-16.5,2014
8/29/14,Bowling Green,,Western Kentucky,,-7.5,2014
8/29/14,Colorado State,,Colorado,,2.5,2014
8/29/14,Texas-San Antonio,,Houston,,11.5,2014
8/29/14,Nevada-Las Vegas,,Arizona,,22.5,2014
8/29/14,Jacksonville St,,Michigan State,,,2014
8/29/14,Villanova,,Syracuse,,,2014
8/30/14,Penn State,,U-C-F,,1.5,2014
8/30/14,Ohio State,,Navy,,-14,2014
8/30/14,U.C.L.A.,,Virginia,,-21.5,2014
8/30/14,Appalachian State,,Michigan,,34.5,2014
8/30/14,Troy,,U-A-B,,0,2014
8/30/14,California,,Northwestern,,11,2014
8/30/14,Georgia Southern,,No Carolina State,,22,2014
8/30/14,Florida Atlantic,,Nebraska,,23,2014
8/30/14,Boston College,,Massachusetts,,-15,2014
8/30/14,Marshall,,Miami-Ohio,,-24,2014
8/30/14,Rice,,Notre Dame,,20.5,2014
8/30/14,Alabama,,West Virginia,,-26,2014
8/30/14,Arkansas,,Auburn,,20.5,2014
8/30/14,Clemson,,Georgia,,7.5,2014
8/30/14,Ohio,,Kent State,,3,2014
8/30/14,Louisiana Tech,,Oklahoma,,38,2014
8/30/14,Western Michigan,,Purdue,,11,2014
8/30/14,Idaho,,Florida,,34,2014
8/30/14,Fresno State,,Southern Cal,,21,2014
8/30/14,Southern Miss,,Mississippi State,,30.5,2014
8/30/14,Washington,,Hawaii,,-15.5,2014
8/30/14,Florida State,,Oklahoma State,,-17.5,2014
8/30/14,North Texas,,Texas,,23.5,2014
8/30/14,UTEP,,New Mexico,,7.5,2014
8/30/14,Louisiana State,,Wisconsin,,-4,2014
8/30/14,Wofford,,Georgia Tech,,,2014
8/30/14,Colgate,,Ball State,,,2014
8/30/14,Nicholls State,,Air Force,,,2014
8/30/14,Southern Utah,,Nevada-Reno,,,2014
8/30/14,Duquesne,,Buffalo,,,2014
8/30/14,South Dakota State,,Missouri,,,2014
8/30/14,William + Mary,,Virginia Tech,,,2014
8/30/14,UC-Davis,,Stanford,,,2014
8/30/14,Montana,,Wyoming,,,2014
8/30/14,Portland State,,Oregon State,,,2014
8/30/14,Elon,,Duke,,,2014
8/30/14,Liberty,,North Carolina,,,2014
8/30/14,Morgan State,,Eastern Michigan,,,2014
8/30/14,Arkansas-Pine Bluff,,Texas State,,,2014
8/30/14,Central Arkansas,,Texas Tech,,,2014
8/30/14,Montana State,,Arkansas State,,,2014
8/30/14,New Hampshire,,Toledo,,,2014
8/30/14,Northern Arizona,,San Diego State,,,2014
8/30/14,Austin Peay,,Memphis,,,2014
8/30/14,Samford,,Texas Christian,,,2014
8/30/14,Southern Univ,,UL-Lafayette,,,2014
8/30/14,Western Carolina,,South Florida,,,2014
8/30/14,Stephen F Austin,,Kansas State,,,2014
8/30/14,No Carolina Central,,East Carolina,,,2014
8/30/14,South Dakota,,Oregon,,,2014
8/30/14,Bethune-Cookman,,Florida Intl,,,2014
8/30/14,Delaware,,Pittsburgh,,,2014
8/30/14,Hampton,,Old Dominion,,,2014
8/30/14,Indiana State,,Indiana,,,2014
8/30/14,James Madison,,Maryland,,,2014
8/30/14,North Dakota St,,Iowa State,,,2014
8/30/14,Northern Iowa,,Iowa,,,2014
8/30/14,Savannah State,,Middle Tennessee,,,2014
8/30/14,Tennessee-Martin,,Kentucky,,,2014
8/30/14,Youngstown State,,Illinois,,,2014
8/31/14,Utah State,,Tennessee,,6.5,2014
8/31/14,S-M-U,,Baylor,,33,2014
9/1/14,Miami-Florida,,Louisville,,3,2014
9/4/14,Arizona,,Texas-San Antonio,,,2014
9/5/14,Pittsburgh,,Boston College,,,2014
9/5/14,Washington State,,Nevada-Reno,,,2014
9/6/14,Florida Atlantic,,Alabama,,,2014
9/6/14,Kansas State,,Iowa State,,,2014
9/6/14,S-M-U,,North Texas,,,2014
9/6/14,Ball State,,Iowa,,,2014
9/6/14,Northern Illinois,,Northwestern,,,2014
9/6/14,Central Michigan,,Purdue,,,2014
9/6/14,Buffalo,,Army,,,2014
9/6/14,Missouri,,Toledo,,,2014
9/6/14,Navy,,Temple,,,2014
9/6/14,Arkansas State,,Tennessee,,,2014
9/6/14,Western Kentucky,,Illinois,,,2014
9/6/14,U-A-B,,Mississippi State,,,2014
9/6/14,New Mexico State,,Georgia State,,,2014
9/6/14,Colorado,,Massachusetts,,,2014
9/6/14,South Alabama,,Kent State,,,2014
9/6/14,Fresno State,,Utah,,,2014
9/6/14,Southern Cal,,Stanford,,,2014
9/6/14,Akron,,Penn State,,,2014
9/6/14,Ohio,,Kentucky,,,2014
9/6/14,Eastern Michigan,,Florida,,,2014
9/6/14,Mississippi,,Vanderbilt,,,2014
9/6/14,Old Dominion,,No Carolina State,,,2014
9/6/14,Michigan State,,Oregon,,,2014
9/6/14,Idaho,,UL-Monroe,,,2014
9/6/14,Middle Tennessee,,Minnesota,,,2014
9/6/14,Louisiana Tech,,UL-Lafayette,,,2014
9/6/14,Arizona State,,New Mexico,,,2014
9/6/14,Duke,,Troy,,,2014
9/6/14,East Carolina,,South Carolina,,,2014
9/6/14,San Jose State,,Auburn,,,2014
9/6/14,Georgia Tech,,Tulane,,,2014
9/6/14,Maryland,,South Florida,,,2014
9/6/14,Michigan,,Notre Dame,,,2014
9/6/14,Brigham Young,,Texas,,,2014
9/6/14,San Diego State,,North Carolina,,,2014
9/6/14,Virginia Tech,,Ohio State,,,2014
9/6/14,Oklahoma,,Tulsa,,,2014
9/6/14,Memphis,,U.C.L.A.,,,2014
9/6/14,Air Force,,Wyoming,,,2014
9/6/14,Colorado State,,Boise State,,,2014
9/6/14,Oregon State,,Hawaii,,,2014
9/6/14,Texas Tech,,UTEP,,,2014
9/6/14,Stony Brook,,Connecticut,,,2014
9/6/14,So Carolina State,,Clemson,,,2014
9/6/14,Eastern Washington,,Washington,,,2014
9/6/14,Sacramento State,,California,,,2014
9/6/14,Eastern Kentucky,,Miami-Ohio,,,2014
9/6/14,Richmond,,Virginia,,,2014
9/6/14,Missouri State,,Oklahoma State,,,2014
9/6/14,Towson,,West Virginia,,,2014
9/6/14,Virginia Military,,Bowling Green,,,2014
9/6/14,Nicholls State,,Arkansas,,,2014
9/6/14,Campbell,,Appalachian State,,,2014
9/6/14,Savannah State,,Georgia Southern,,,2014
9/6/14,Gardner-Webb,,Wake Forest,,,2014
9/6/14,Rhode Island,,Marshall,,,2014
9/6/14,Florida A+M,,Miami-Florida,,,2014
9/6/14,Murray State,,Louisville,,,2014
9/6/14,S E Missouri St,,Kansas,,,2014
9/6/14,Alcorn State,,Southern Miss,,,2014
9/6/14,The Citadel,,Florida State,,,2014
9/6/14,Lamar,,Texas A+M,,,2014
9/6/14,Northwestern St(LA),,Baylor,,,2014
9/6/14,Sam Houston State,,Louisiana State,,,2014
9/6/14,Grambling,,Houston,,,2014
9/6/14,Idaho State,,Utah State,,,2014
9/6/14,Western Illinois,,Wisconsin,,,2014
9/6/14,Howard,,Rutgers,,,2014
9/6/14,Northern Colorado,,Nevada-Las Vegas,,,2014
9/6/14,McNeese State,,Nebraska,,,2014
9/6/14,Wagner,,Florida Intl,,,2014
9/11/14,Louisiana Tech,,North Texas,,,2014
9/11/14,Houston,,Brigham Young,,,2014
9/12/14,Toledo,,Cincinnati,,,2014
9/12/14,Baylor,,Buffalo,,,2014
9/12/14,Northern Illinois,,Nevada-Las Vegas,,,2014
9/13/14,Iowa State,,Iowa,,,2014
9/13/14,Western Kentucky,,Middle Tennessee,,,2014
9/13/14,Boise State,,Connecticut,,,2014
9/13/14,U-C-F,,Missouri,,,2014
9/13/14,East Carolina,,Virginia Tech,,,2014
9/13/14,Georgia Southern,,Georgia Tech,,,2014
9/13/14,Indiana,,Bowling Green,,,2014
9/13/14,Massachusetts,,Vanderbilt,,,2014
9/13/14,Ohio,,Marshall,,,2014
9/13/14,Pittsburgh,,Florida Intl,,,2014
9/13/14,Syracuse,,Central Michigan,,,2014
9/13/14,Louisville,,Virginia,,,2014
9/13/14,Air Force,,Georgia State,,,2014
9/13/14,Alabama A+M,,U-A-B,,,2014
9/13/14,Kent State,,Ohio State,,,2014
9/13/14,Wyoming,,Oregon,,,2014
9/13/14,Indiana State,,Ball State,,,2014
9/13/14,Arkansas State,,Miami-Florida,,,2014
9/13/14,Arkansas,,Texas Tech,,,2014
9/13/14,Georgia,,South Carolina,,,2014
9/13/14,Kansas,,Duke,,,2014
9/13/14,Miami-Ohio,,Michigan,,,2014
9/13/14,No Carolina State,,South Florida,,,2014
9/13/14,West Virginia,,Maryland,,,2014
9/13/14,Eastern Michigan,,Old Dominion,,,2014
9/13/14,Illinois,,Washington,,,2014
9/13/14,Minnesota,,Texas Christian,,,2014
9/13/14,Mississippi State,,South Alabama,,,2014
9/13/14,UL-Lafayette,,Mississippi,,,2014
9/13/14,Army,,Stanford,,,2014
9/13/14,Western Michigan,,Idaho,,,2014
9/13/14,Southern Miss,,Alabama,,,2014
9/13/14,Abilene Christian,,Troy,,,2014
9/13/14,UL-Monroe,,Louisiana State,,,2014
9/13/14,Tulsa,,Florida Atlantic,,,2014
9/13/14,Texas-San Antonio,,Oklahoma State,,,2014
9/13/14,Wake Forest,,Utah State,,,2014
9/13/14,Kentucky,,Florida,,,2014
9/13/14,Purdue,,Notre Dame,,,2014
9/13/14,Navy,,Texas State,,,2014
9/13/14,New Mexico State,,UTEP,,,2014
9/13/14,Penn State,,Rutgers,,,2014
9/13/14,Portland State,,Washington State,,,2014
9/13/14,Southern Cal,,Boston College,,,2014
9/13/14,S E Louisiana,,Tulane,,,2014
9/13/14,Tennessee,,Oklahoma,,,2014
9/13/14,U.C.L.A.,,Texas,,,2014
9/13/14,Rice,,Texas A+M,,,2014
9/13/14,Arizona State,,Colorado,,,2014
9/13/14,UC-Davis,,Colorado State,,,2014
9/13/14,Nebraska,,Fresno State,,,2014
9/13/14,Nevada-Reno,,Arizona,,,2014
9/13/14,Northern Iowa,,Hawaii,,,2014
9/18/14,Auburn,,Kansas State,,,2014
9/19/14,Connecticut,,South Florida,,,2014
9/20/14,Iowa,,Pittsburgh,,,2014
9/20/14,Western Illinois,,Northwestern,,,2014
9/20/14,Bowling Green,,Wisconsin,,,2014
9/20/14,Central Michigan,,Kansas,,,2014
9/20/14,Georgia Southern,,South Alabama,,,2014
9/20/14,Georgia Tech,,Virginia Tech,,,2014
9/20/14,Indiana,,Missouri,,,2014
9/20/14,Louisville,,Florida Intl,,,2014
9/20/14,Massachusetts,,Penn State,,,2014
9/20/14,North Carolina,,East Carolina,,,2014
9/20/14,Troy,,Georgia,,,2014
9/20/14,Texas A+M,,S-M-U,,,2014
9/20/14,Clemson,,Florida State,,,2014
9/20/14,Delaware State,,Temple,,,2014
9/20/14,Georgia State,,Washington,,,2014
9/20/14,Oregon,,Washington State,,,2014
9/20/14,Ball State,,Toledo,,,2014
9/20/14,Maryland,,Syracuse,,,2014
9/20/14,Northern Illinois,,Arkansas,,,2014
9/20/14,Presbyterian,,No Carolina State,,,2014
9/20/14,Rutgers,,Navy,,,2014
9/20/14,South Carolina,,Vanderbilt,,,2014
9/20/14,Tulane,,Duke,,,2014
9/20/14,Utah State,,Arkansas State,,,2014
9/20/14,Eastern Michigan,,Michigan State,,,2014
9/20/14,San Jose State,,Minnesota,,,2014
9/20/14,Texas State,,Illinois,,,2014
9/20/14,Army,,Wake Forest,,,2014
9/20/14,Idaho,,Ohio,,,2014
9/20/14,Murray State,,Western Michigan,,,2014
9/20/14,Appalachian State,,Southern Miss,,,2014
9/20/14,Bethune-Cookman,,U-C-F,,,2014
9/20/14,Florida,,Alabama,,,2014
9/20/14,Old Dominion,,Rice,,,2014
9/20/14,Florida Atlantic,,Wyoming,,,2014
9/20/14,Marshall,,Akron,,,2014
9/20/14,Miami-Ohio,,Cincinnati,,,2014
9/20/14,Mississippi State,,Louisiana State,,,2014
9/20/14,Northwestern St(LA),,Louisiana Tech,,,2014
9/20/14,Southern Illinois,,Purdue,,,2014
9/20/14,Utah,,Michigan,,,2014
9/20/14,Maine,,Boston College,,,2014
9/20/14,Miami-Florida,,Nebraska,,,2014
9/20/14,Nicholls State,,North Texas,,,2014
9/20/14,New Mexico,,New Mexico State,,,2014
9/20/14,Norfolk State,,Buffalo,,,2014
9/20/14,Oklahoma,,West Virginia,,,2014
9/20/14,Virginia,,Brigham Young,,,2014
9/20/14,Hawaii,,Colorado,,,2014
9/20/14,Middle Tennessee,,Memphis,,,2014
9/20/14,San Diego State,,Oregon State,,,2014
9/20/14,Southern Utah,,Fresno State,,,2014
9/20/14,UL-Lafayette,,Boise State,,,2014
9/20/14,California,,Arizona,,,2014
9/25/14,Appalachian State,,Georgia Southern,,,2014
9/25/14,Texas Tech,,Oklahoma State,,,2014
9/25/14,U.C.L.A.,,Arizona State,,,2014
9/26/14,Fresno State,,New Mexico,,,2014
9/26/14,Middle Tennessee,,Old Dominion,,,2014
9/27/14,Army,,Yale,,,2014
9/27/14,Central Michigan,,Toledo,,,2014
9/27/14,Eastern Illinois,,Ohio,,,2014
9/27/14,Florida Intl,,U-A-B,,,2014
9/27/14,Iowa,,Purdue,,,2014
9/27/14,Maryland,,Indiana,,,2014
9/27/14,Missouri,,South Carolina,,,2014
9/27/14,Northwestern,,Penn State,,,2014
9/27/14,Texas Christian,,S-M-U,,,2014
9/27/14,Tennessee,,Georgia,,,2014
9/27/14,Western Michigan,,Virginia Tech,,,2014
9/27/14,Wyoming,,Michigan State,,,2014
9/27/14,North Carolina,,Clemson,,,2014
9/27/14,Wake Forest,,Louisville,,,2014
9/27/14,Kent State,,Virginia,,,2014
9/27/14,Bowling Green,,Massachusetts,,,2014
9/27/14,Colorado,,California,,,2014
9/27/14,Rice,,Southern Miss,,,2014
9/27/14,Washington State,,Utah,,,2014
9/27/14,Arkansas,,Texas A+M,,,2014
9/27/14,Duke,,Miami-Florida,,,2014
9/27/14,Miami-Ohio,,Buffalo,,,2014
9/27/14,Texas,,Kansas,,,2014
9/27/14,Tulane,,Rutgers,,,2014
9/27/14,Western Kentucky,,Navy,,,2014
9/27/14,South Alabama,,Idaho,,,2014
9/27/14,Stanford,,Washington,,,2014
9/27/14,Cincinnati,,Ohio State,,,2014
9/27/14,Akron,,Pittsburgh,,,2014
9/27/14,Boise State,,Air Force,,,2014
9/27/14,New Mexico State,,Louisiana State,,,2014
9/27/14,Troy,,UL-Monroe,,,2014
9/27/14,Texas-San Antonio,,Florida Atlantic,,,2014
9/27/14,Florida State,,No Carolina State,,,2014
9/27/14,Louisiana Tech,,Auburn,,,2014
9/27/14,Minnesota,,Michigan,,,2014
9/27/14,Notre Dame,,Syracuse,,,2014
9/27/14,UTEP,,Kansas State,,,2014
9/27/14,Vanderbilt,,Kentucky,,,2014
9/27/14,Baylor,,Iowa State,,,2014
9/27/14,Colorado State,,Boston College,,,2014
9/27/14,South Florida,,Wisconsin,,,2014
9/27/14,Texas State,,Tulsa,,,2014
9/27/14,Temple,,Connecticut,,,2014
9/27/14,Nevada-Las Vegas,,San Diego State,,,2014
9/27/14,Illinois,,Nebraska,,,2014
9/27/14,Memphis,,Mississippi,,,2014
9/27/14,Nevada-Reno,,San Jose State,,,2014
9/27/14,Oregon State,,Southern Cal,,,2014
10/2/14,U-C-F,,Houston,,,2014
10/2/14,Florida Atlantic,,Florida Intl,,,2014
10/2/14,Arizona,,Oregon,,,2014
10/3/14,Louisville,,Syracuse,,,2014
10/3/14,San Diego State,,Fresno State,,,2014
10/3/14,Utah State,,Brigham Young,,,2014
10/4/14,Ball State,,Army,,,2014
10/4/14,Iowa State,,Oklahoma State,,,2014
10/4/14,Marshall,,Old Dominion,,,2014
10/4/14,Miami-Florida,,Georgia Tech,,,2014
10/4/14,North Texas,,Indiana,,,2014
10/4/14,Ohio,,Central Michigan,,,2014
10/4/14,Pittsburgh,,Virginia,,,2014
10/4/14,S-M-U,,East Carolina,,,2014
10/4/14,Vanderbilt,,Georgia,,,2014
10/4/14,Wisconsin,,Northwestern,,,2014
10/4/14,No Carolina State,,Clemson,,,2014
10/4/14,Eastern Michigan,,Akron,,,2014
10/4/14,Georgia State,,UL-Lafayette,,,2014
10/4/14,Kent State,,Northern Illinois,,,2014
10/4/14,U-A-B,,Western Kentucky,,,2014
10/4/14,Buffalo,,Bowling Green,,,2014
10/4/14,California,,Washington State,,,2014
10/4/14,Massachusetts,,Miami-Ohio,,,2014
10/4/14,Kansas,,West Virginia,,,2014
10/4/14,Navy,,Air Force,,,2014
10/4/14,UL-Monroe,,Arkansas State,,,2014
10/4/14,Ohio State,,Maryland,,,2014
10/4/14,Stanford,,Notre Dame,,,2014
10/4/14,Texas A+M,,Mississippi State,,,2014
10/4/14,Idaho,,Texas State,,,2014
10/4/14,Alabama,,Mississippi,,,2014
10/4/14,Memphis,,Cincinnati,,,2014
10/4/14,Michigan,,Rutgers,,,2014
10/4/14,Toledo,,Western Michigan,,,2014
10/4/14,UTEP,,Louisiana Tech,,,2014
10/4/14,Florida,,Tennessee,,,2014
10/4/14,Louisiana State,,Auburn,,,2014
10/4/14,South Alabama,,Appalachian State,,,2014
10/4/14,South Carolina,,Kentucky,,,2014
10/4/14,Texas Tech,,Kansas State,,,2014
10/4/14,Wake Forest,,Florida State,,,2014
10/4/14,Baylor,,Texas,,,2014
10/4/14,Georgia Southern,,New Mexico State,,,2014
10/4/14,Nebraska,,Michigan State,,,2014
10/4/14,New Mexico,,Texas-San Antonio,,,2014
10/4/14,Oklahoma,,Texas Christian,,,2014
10/4/14,Southern Miss,,Middle Tennessee,,,2014
10/4/14,Virginia Tech,,North Carolina,,,2014
10/4/14,Purdue,,Illinois,,,2014
10/4/14,Arizona State,,Southern Cal,,,2014
10/4/14,Oregon State,,Colorado,,,2014
10/4/14,Utah,,U.C.L.A.,,,2014
10/4/14,Tulsa,,Colorado State,,,2014
10/4/14,Boise State,,Nevada-Reno,,,2014
10/4/14,Nevada-Las Vegas,,San Jose State,,,2014
10/4/14,Hawaii,,Rice,,,2014
10/9/14,Brigham Young,,U-C-F,,,2014
10/10/14,Washington State,,Stanford,,,2014
10/10/14,San Diego State,,New Mexico,,,2014
10/11/14,Charleston Southern,,Vanderbilt,,,2014
10/11/14,East Carolina,,South Florida,,,2014
10/11/14,Georgia,,Missouri,,,2014
10/11/14,Indiana,,Iowa,,,2014
10/11/14,Middle Tennessee,,Marshall,,,2014
10/11/14,Rice,,Army,,,2014
10/11/14,Louisville,,Clemson,,,2014
10/11/14,Tulsa,,Temple,,,2014
10/11/14,Bowling Green,,Ohio,,,2014
10/11/14,Massachusetts,,Kent State,,,2014
10/11/14,Miami-Ohio,,Akron,,,2014
10/11/14,New Mexico State,,Troy,,,2014
10/11/14,Washington,,California,,,2014
10/11/14,Western Michigan,,Ball State,,,2014
10/11/14,Air Force,,Utah State,,,2014
10/11/14,Arkansas State,,Georgia State,,,2014
10/11/14,Buffalo,,Eastern Michigan,,,2014
10/11/14,Duke,,Georgia Tech,,,2014
10/11/14,North Carolina,,Notre Dame,,,2014
10/11/14,Oklahoma State,,Kansas,,,2014
10/11/14,Toledo,,Iowa State,,,2014
10/11/14,Virginia Military,,Navy,,,2014
10/11/14,Mississippi,,Texas A+M,,,2014
10/11/14,Northwestern,,Minnesota,,,2014
10/11/14,Central Michigan,,Northern Illinois,,,2014
10/11/14,Alabama,,Arkansas,,,2014
10/11/14,Cincinnati,,Miami-Florida,,,2014
10/11/14,Idaho,,Georgia Southern,,,2014
10/11/14,Florida Intl,,Texas-San Antonio,,,2014
10/11/14,Houston,,Memphis,,,2014
10/11/14,Penn State,,Michigan,,,2014
10/11/14,Auburn,,Mississippi State,,,2014
10/11/14,Florida State,,Syracuse,,,2014
10/11/14,Liberty,,Appalachian State,,,2014
10/11/14,Louisiana State,,Florida,,,2014
10/11/14,UL-Monroe,,Kentucky,,,2014
10/11/14,West Virginia,,Texas Tech,,,2014
10/11/14,Boston College,,No Carolina State,,,2014
10/11/14,Chattanooga,,Tennessee,,,2014
10/11/14,Connecticut,,Tulane,,,2014
10/11/14,Michigan State,,Purdue,,,2014
10/11/14,North Texas,,U-A-B,,,2014
10/11/14,Old Dominion,,UTEP,,,2014
10/11/14,Texas Christian,,Baylor,,,2014
10/11/14,Texas,,Oklahoma,,,2014
10/11/14,Illinois,,Wisconsin,,,2014
10/11/14,Fresno State,,Nevada-Las Vegas,,,2014
10/11/14,Colorado State,,Nevada-Reno,,,2014
10/11/14,Oregon,,U.C.L.A.,,,2014
10/11/14,Southern Cal,,Arizona,,,2014
10/11/14,Wyoming,,Hawaii,,,2014
10/14/14,UL-Lafayette,,Texas State,,,2014
10/16/14,Virginia Tech,,Pittsburgh,,,2014
10/16/14,Utah,,Oregon State,,,2014
10/17/14,Fresno State,,Boise State,,,2014
10/17/14,Temple,,Houston,,,2014
10/18/14,Georgia Tech,,North Carolina,,,2014
10/18/14,Iowa,,Maryland,,,2014
10/18/14,Purdue,,Minnesota,,,2014
10/18/14,Akron,,Ohio,,,2014
10/18/14,Eastern Michigan,,Massachusetts,,,2014
10/18/14,Georgia State,,South Alabama,,,2014
10/18/14,Western Michigan,,Bowling Green,,,2014
10/18/14,Appalachian State,,Troy,,,2014
10/18/14,Ball State,,Central Michigan,,,2014
10/18/14,U.C.L.A.,,California,,,2014
10/18/14,Army,,Kent State,,,2014
10/18/14,Furman,,South Carolina,,,2014
10/18/14,Georgia,,Arkansas,,,2014
10/18/14,Iowa State,,Texas,,,2014
10/18/14,Kansas,,Texas Tech,,,2014
10/18/14,Michigan State,,Indiana,,,2014
10/18/14,Miami-Ohio,,Northern Illinois,,,2014
10/18/14,New Mexico,,Air Force,,,2014
10/18/14,Rutgers,,Ohio State,,,2014
10/18/14,U-A-B,,Middle Tennessee,,,2014
10/18/14,Virginia,,Duke,,,2014
10/18/14,Tennessee,,Mississippi,,,2014
10/18/14,New Mexico State,,Idaho,,,2014
10/18/14,Cincinnati,,S-M-U,,,2014
10/18/14,Texas A+M,,Alabama,,,2014
10/18/14,Marshall,,Florida Intl,,,2014
10/18/14,No Carolina State,,Louisville,,,2014
10/18/14,Syracuse,,Wake Forest,,,2014
10/18/14,Texas-San Antonio,,Louisiana Tech,,,2014
10/18/14,Utah State,,Colorado State,,,2014
10/18/14,Western Kentucky,,Florida Atlantic,,,2014
10/18/14,Kansas State,,Oklahoma,,,2014
10/18/14,Kentucky,,Louisiana State,,,2014
10/18/14,Missouri,,Florida,,,2014
10/18/14,Notre Dame,,Florida State,,,2014
10/18/14,Nebraska,,Northwestern,,,2014
10/18/14,Nevada-Reno,,Brigham Young,,,2014
10/18/14,Oklahoma State,,Texas Christian,,,2014
10/18/14,Baylor,,West Virginia,,,2014
10/18/14,Clemson,,Boston College,,,2014
10/18/14,South Florida,,Tulsa,,,2014
10/18/14,Southern Miss,,North Texas,,,2014
10/18/14,Tulane,,U-C-F,,,2014
10/18/14,Colorado,,Southern Cal,,,2014
10/18/14,Stanford,,Arizona State,,,2014
10/18/14,Hawaii,,San Diego State,,,2014
10/18/14,San Jose State,,Wyoming,,,2014
10/18/14,Washington,,Oregon,,,2014
10/21/14,Arkansas State,,UL-Lafayette,,,2014
10/23/14,Connecticut,,East Carolina,,,2014
10/23/14,Miami-Florida,,Virginia Tech,,,2014
10/24/14,Troy,,South Alabama,,,2014
10/24/14,South Florida,,Cincinnati,,,2014
10/24/14,Brigham Young,,Boise State,,,2014
10/24/14,Oregon,,California,,,2014
10/25/14,Georgia Tech,,Pittsburgh,,,2014
10/25/14,Maryland,,Wisconsin,,,2014
10/25/14,Minnesota,,Illinois,,,2014
10/25/14,Vanderbilt,,Missouri,,,2014
10/25/14,Syracuse,,Clemson,,,2014
10/25/14,San Jose State,,Navy,,,2014
10/25/14,Akron,,Ball State,,,2014
10/25/14,Massachusetts,,Toledo,,,2014
10/25/14,Northern Illinois,,Eastern Michigan,,,2014
10/25/14,Ohio,,Western Michigan,,,2014
10/25/14,Kent State,,Miami-Ohio,,,2014
10/25/14,Central Michigan,,Buffalo,,,2014
10/25/14,North Carolina,,Virginia,,,2014
10/25/14,U-A-B,,Arkansas,,,2014
10/25/14,Texas Tech,,Texas Christian,,,2014
10/25/14,Alabama,,Tennessee,,,2014
10/25/14,Georgia Southern,,Georgia State,,,2014
10/25/14,Florida Atlantic,,Marshall,,,2014
10/25/14,Louisiana Tech,,Southern Miss,,,2014
10/25/14,Michigan,,Michigan State,,,2014
10/25/14,Mississippi,,Louisiana State,,,2014
10/25/14,Wyoming,,Colorado State,,,2014
10/25/14,Mississippi State,,Kentucky,,,2014
10/25/14,Rutgers,,Nebraska,,,2014
10/25/14,South Carolina,,Auburn,,,2014
10/25/14,Texas,,Kansas State,,,2014
10/25/14,West Virginia,,Oklahoma State,,,2014
10/25/14,Boston College,,Wake Forest,,,2014
10/25/14,North Texas,,Rice,,,2014
10/25/14,Old Dominion,,Western Kentucky,,,2014
10/25/14,Ohio State,,Penn State,,,2014
10/25/14,Southern Cal,,Utah,,,2014
10/25/14,Texas State,,UL-Monroe,,,2014
10/25/14,UTEP,,Texas-San Antonio,,,2014
10/25/14,Temple,,U-C-F,,,2014
10/25/14,Arizona State,,Washington,,,2014
10/25/14,Memphis,,S-M-U,,,2014
10/25/14,Oregon State,,Stanford,,,2014
10/25/14,U.C.L.A.,,Colorado,,,2014
10/25/14,Nevada-Las Vegas,,Utah State,,,2014
10/25/14,Arizona,,Washington State,,,2014
10/25/14,Nevada-Reno,,Hawaii,,,2014
10/30/14,Florida State,,Louisville,,,2014
10/30/14,Troy,,Georgia Southern,,,2014
10/31/14,Cincinnati,,Tulane,,,2014
10/31/14,Tulsa,,Memphis,,,2014
11/1/14,Air Force,,Army,,,2014
11/1/14,Maryland,,Penn State,,,2014
11/1/14,Northwestern,,Iowa,,,2014
11/1/14,Virginia,,Georgia Tech,,,2014
11/1/14,Wisconsin,,Rutgers,,,2014
11/1/14,Navy,,Notre Dame,,,2014
11/1/14,Western Michigan,,Miami-Ohio,,,2014
11/1/14,Georgia State,,Appalachian State,,,2014
11/1/14,Arkansas,,Mississippi State,,,2014
11/1/14,Brigham Young,,Middle Tennessee,,,2014
11/1/14,Duke,,Pittsburgh,,,2014
11/1/14,Florida,,Georgia,,,2014
11/1/14,Indiana,,Michigan,,,2014
11/1/14,No Carolina State,,Syracuse,,,2014
11/1/14,Oklahoma,,Iowa State,,,2014
11/1/14,Tennessee,,South Carolina,,,2014
11/1/14,Texas Christian,,West Virginia,,,2014
11/1/14,Arkansas State,,Idaho,,,2014
11/1/14,Central Michigan,,Eastern Michigan,,,2014
11/1/14,New Mexico,,Nevada-Las Vegas,,,2014
11/1/14,U-C-F,,Connecticut,,,2014
11/1/14,Colorado State,,San Jose State,,,2014
11/1/14,East Carolina,,Temple,,,2014
11/1/14,Rice,,Florida Intl,,,2014
11/1/14,U-A-B,,Florida Atlantic,,,2014
11/1/14,Western Kentucky,,Louisiana Tech,,,2014
11/1/14,Auburn,,Mississippi,,,2014
11/1/14,Kentucky,,Missouri,,,2014
11/1/14,North Carolina,,Miami-Florida,,,2014
11/1/14,Oklahoma State,,Kansas State,,,2014
11/1/14,Purdue,,Nebraska,,,2014
11/1/14,Boston College,,Virginia Tech,,,2014
11/1/14,Illinois,,Ohio State,,,2014
11/1/14,Kansas,,Baylor,,,2014
11/1/14,Old Dominion,,Vanderbilt,,,2014
11/1/14,South Alabama,,UL-Lafayette,,,2014
11/1/14,Southern Cal,,Washington State,,,2014
11/1/14,Southern Miss,,UTEP,,,2014
11/1/14,Texas State,,New Mexico State,,,2014
11/1/14,Texas,,Texas Tech,,,2014
11/1/14,Wyoming,,Fresno State,,,2014
11/1/14,Houston,,South Florida,,,2014
11/1/14,UL-Monroe,,Texas A+M,,,2014
11/1/14,California,,Oregon State,,,2014
11/1/14,Stanford,,Oregon,,,2014
11/1/14,Utah,,Arizona State,,,2014
11/1/14,Washington,,Colorado,,,2014
11/1/14,Arizona,,U.C.L.A.,,,2014
11/1/14,San Diego State,,Nevada-Reno,,,2014
11/1/14,Utah State,,Hawaii,,,2014
11/4/14,Bowling Green,,Akron,,,2014
11/4/14,Toledo,,Kent State,,,2014
11/5/14,Buffalo,,Ohio,,,2014
11/5/14,Northern Illinois,,Ball State,,,2014
11/6/14,Clemson,,Wake Forest,,,2014
11/7/14,Memphis,,Temple,,,2014
11/7/14,Utah State,,Wyoming,,,2014
11/8/14,Air Force,,Nevada-Las Vegas,,,2014
11/8/14,Georgia Tech,,No Carolina State,,,2014
11/8/14,Iowa,,Minnesota,,,2014
11/8/14,S-M-U,,Tulsa,,,2014
11/8/14,Texas-San Antonio,,Rice,,,2014
11/8/14,Wisconsin,,Purdue,,,2014
11/8/14,Georgia State,,Troy,,,2014
11/8/14,UL-Monroe,,Appalachian State,,,2014
11/8/14,Connecticut,,Army,,,2014
11/8/14,Duke,,Syracuse,,,2014
11/8/14,Florida,,Vanderbilt,,,2014
11/8/14,Georgia,,Kentucky,,,2014
11/8/14,Iowa State,,Kansas,,,2014
11/8/14,Michigan,,Northwestern,,,2014
11/8/14,Ohio State,,Michigan State,,,2014
11/8/14,Penn State,,Indiana,,,2014
11/8/14,Presbyterian,,Mississippi,,,2014
11/8/14,Tennessee-Martin,,Mississippi State,,,2014
11/8/14,South Alabama,,Arkansas State,,,2014
11/8/14,Alabama,,Louisiana State,,,2014
11/8/14,Idaho,,San Diego State,,,2014
11/8/14,Boise State,,New Mexico,,,2014
11/8/14,Florida Atlantic,,North Texas,,,2014
11/8/14,Florida Intl,,Old Dominion,,,2014
11/8/14,Hawaii,,Colorado State,,,2014
11/8/14,Louisiana Tech,,U-A-B,,,2014
11/8/14,Marshall,,Southern Miss,,,2014
11/8/14,Georgia Southern,,Texas State,,,2014
11/8/14,Kansas State,,Texas Christian,,,2014
11/8/14,Texas A+M,,Auburn,,,2014
11/8/14,Virginia,,Florida State,,,2014
11/8/14,Baylor,,Oklahoma,,,2014
11/8/14,Louisville,,Boston College,,,2014
11/8/14,UL-Lafayette,,New Mexico State,,,2014
11/8/14,UTEP,,Western Kentucky,,,2014
11/8/14,West Virginia,,Texas,,,2014
11/8/14,Tulane,,Houston,,,2014
11/8/14,Notre Dame,,Arizona State,,,2014
11/8/14,Oregon,,Utah,,,2014
11/8/14,U.C.L.A.,,Washington,,,2014
11/8/14,Washington State,,Oregon State,,,2014
11/8/14,Colorado,,Arizona,,,2014
11/8/14,San Jose State,,Fresno State,,,2014
11/11/14,Akron,,Buffalo,,,2014
11/11/14,Toledo,,Northern Illinois,,,2014
11/12/14,Ball State,,Massachusetts,,,2014
11/12/14,Kent State,,Bowling Green,,,2014
11/13/14,East Carolina,,Cincinnati,,,2014
11/13/14,Southern Miss,,Texas-San Antonio,,,2014
11/13/14,California,,Southern Cal,,,2014
11/14/14,Tulsa,,U-C-F,,,2014
11/15/14,Army,,Western Kentucky,,,2014
11/15/14,Missouri,,Texas A+M,,,2014
11/15/14,Ohio State,,Minnesota,,,2014
11/15/14,South Florida,,S-M-U,,,2014
11/15/14,Eastern Michigan,,Western Michigan,,,2014
11/15/14,Nevada-Reno,,Air Force,,,2014
11/15/14,Appalachian State,,Arkansas State,,,2014
11/15/14,Georgia Southern,,Navy,,,2014
11/15/14,Indiana,,Rutgers,,,2014
11/15/14,Louisiana State,,Arkansas,,,2014
11/15/14,Northwestern,,Notre Dame,,,2014
11/15/14,Pittsburgh,,North Carolina,,,2014
11/15/14,South Carolina,,Florida,,,2014
11/15/14,Texas Christian,,Kansas,,,2014
11/15/14,Nevada-Las Vegas,,Brigham Young,,,2014
11/15/14,Virginia Tech,,Duke,,,2014
11/15/14,Wake Forest,,No Carolina State,,,2014
11/15/14,Miami-Ohio,,Central Michigan,,,2014
11/15/14,Texas State,,South Alabama,,,2014
11/15/14,Troy,,Idaho,,,2014
11/15/14,Mississippi State,,Alabama,,,2014
11/15/14,Middle Tennessee,,Florida Intl,,,2014
11/15/14,New Mexico,,Utah State,,,2014
11/15/14,North Texas,,UTEP,,,2014
11/15/14,Rice,,Marshall,,,2014
11/15/14,San Diego State,,Boise State,,,2014
11/15/14,Auburn,,Georgia,,,2014
11/15/14,Clemson,,Georgia Tech,,,2014
11/15/14,Florida State,,Miami-Florida,,,2014
11/15/14,Kentucky,,Tennessee,,,2014
11/15/14,Memphis,,Tulane,,,2014
11/15/14,Nebraska,,Wisconsin,,,2014
11/15/14,Texas,,Oklahoma State,,,2014
11/15/14,Iowa,,Illinois,,,2014
11/15/14,Michigan State,,Maryland,,,2014
11/15/14,Oklahoma,,Texas Tech,,,2014
11/15/14,UL-Lafayette,,UL-Monroe,,,2014
11/15/14,Temple,,Penn State,,,2014
11/15/14,Utah,,Stanford,,,2014
11/15/14,Arizona State,,Oregon State,,,2014
11/15/14,Washington,,Arizona,,,2014
11/15/14,Hawaii,,San Jose State,,,2014
11/18/14,Massachusetts,,Akron,,,2014
11/18/14,Northern Illinois,,Ohio,,,2014
11/19/14,Bowling Green,,Toledo,,,2014
11/19/14,Kent State,,Buffalo,,,2014
11/20/14,Kansas State,,West Virginia,,,2014
11/20/14,North Carolina,,Duke,,,2014
11/20/14,Arkansas State,,Texas State,,,2014
11/21/14,UTEP,,Rice,,,2014
11/21/14,Air Force,,San Diego State,,,2014
11/21/14,San Jose State,,Utah State,,,2014
11/22/14,Fordham,,Army,,,2014
11/22/14,Minnesota,,Nebraska,,,2014
11/22/14,Missouri,,Tennessee,,,2014
11/22/14,S-M-U,,U-C-F,,,2014
11/22/14,Wisconsin,,Iowa,,,2014
11/22/14,Louisiana Tech,,Old Dominion,,,2014
11/22/14,New Mexico,,Colorado State,,,2014
11/22/14,Appalachian State,,UL-Lafayette,,,2014
11/22/14,Savannah State,,Brigham Young,,,2014
11/22/14,Charleston Southern,,Georgia,,,2014
11/22/14,Eastern Kentucky,,Florida,,,2014
11/22/14,Indiana,,Ohio State,,,2014
11/22/14,Kansas,,Oklahoma,,,2014
11/22/14,Louisville,,Notre Dame,,,2014
11/22/14,Mississippi,,Arkansas,,,2014
11/22/14,Northwestern,,Purdue,,,2014
11/22/14,Texas Tech,,Iowa State,,,2014
11/22/14,Vanderbilt,,Mississippi State,,,2014
11/22/14,South Alabama,,South Carolina,,,2014
11/22/14,Western Michigan,,Central Michigan,,,2014
11/22/14,Western Carolina,,Alabama,,,2014
11/22/14,Boise State,,Wyoming,,,2014
11/22/14,Cincinnati,,Connecticut,,,2014
11/22/14,Florida Atlantic,,Middle Tennessee,,,2014
11/22/14,Florida Intl,,North Texas,,,2014
11/22/14,Marshall,,U-A-B,,,2014
11/22/14,Tulane,,East Carolina,,,2014
11/22/14,Georgia State,,Clemson,,,2014
11/22/14,Miami-Florida,,Virginia,,,2014
11/22/14,Samford,,Auburn,,,2014
11/22/14,South Florida,,Memphis,,,2014
11/22/14,Syracuse,,Pittsburgh,,,2014
11/22/14,Virginia Tech,,Wake Forest,,,2014
11/22/14,Boston College,,Florida State,,,2014
11/22/14,Eastern Michigan,,Ball State,,,2014
11/22/14,Maryland,,Michigan,,,2014
11/22/14,UL-Monroe,,New Mexico State,,,2014
11/22/14,Oklahoma State,,Baylor,,,2014
11/22/14,Penn State,,Illinois,,,2014
11/22/14,Rutgers,,Michigan State,,,2014
11/22/14,Texas-San Antonio,,Western Kentucky,,,2014
11/22/14,Stanford,,California,,,2014
11/22/14,Tulsa,,Houston,,,2014
11/22/14,Colorado,,Oregon,,,2014
11/22/14,Oregon State,,Washington,,,2014
11/22/14,Southern Cal,,U.C.L.A.,,,2014
11/22/14,Washington State,,Arizona State,,,2014
11/22/14,Arizona,,Utah,,,2014
11/22/14,Fresno State,,Nevada-Reno,,,2014
11/22/14,Nevada-Las Vegas,,Hawaii,,,2014
11/25/14,Akron,,Kent State,,,2014
11/25/14,Ohio,,Miami-Ohio,,,2014
11/27/14,Louisiana State,,Texas A+M,,,2014
11/27/14,Texas Christian,,Texas,,,2014
11/28/14,Western Kentucky,,Marshall,,,2014
11/28/14,Virginia,,Virginia Tech,,,2014
11/28/14,Toledo,,Eastern Michigan,,,2014
11/28/14,Arkansas,,Missouri,,,2014
11/28/14,Arizona State,,Arizona,,,2014
11/28/14,Colorado State,,Air Force,,,2014
11/28/14,Navy,,South Alabama,,,2014
11/28/14,Stanford,,U.C.L.A.,,,2014
11/28/14,U-C-F,,South Florida,,,2014
11/28/14,East Carolina,,Tulsa,,,2014
11/28/14,Ball State,,Bowling Green,,,2014
11/28/14,Buffalo,,Massachusetts,,,2014
11/28/14,Northern Illinois,,Western Michigan,,,2014
11/28/14,Houston,,S-M-U,,,2014
11/29/14,Minnesota,,Wisconsin,,,2014
11/29/14,Nebraska,,Iowa,,,2014
11/29/14,Rice,,Louisiana Tech,,,2014
11/29/14,Nevada-Reno,,Nevada-Las Vegas,,,2014
11/29/14,Texas State,,Georgia State,,,2014
11/29/14,Brigham Young,,California,,,2014
11/29/14,Idaho,,Appalachian State,,,2014
11/29/14,Wyoming,,New Mexico,,,2014
11/29/14,Connecticut,,Memphis,,,2014
11/29/14,Florida,,Florida State,,,2014
11/29/14,Georgia Tech,,Georgia,,,2014
11/29/14,Kansas,,Kansas State,,,2014
11/29/14,Michigan,,Ohio State,,,2014
11/29/14,Middle Tennessee,,UTEP,,,2014
11/29/14,Notre Dame,,Southern Cal,,,2014
11/29/14,Purdue,,Indiana,,,2014
11/29/14,San Jose State,,San Diego State,,,2014
11/29/14,West Virginia,,Iowa State,,,2014
11/29/14,Mississippi State,,Mississippi,,,2014
11/29/14,Washington,,Washington State,,,2014
11/29/14,Auburn,,Alabama,,,2014
11/29/14,UL-Monroe,,Georgia Southern,,,2014
11/29/14,Cincinnati,,Temple,,,2014
11/29/14,North Texas,,Texas-San Antonio,,,2014
11/29/14,Old Dominion,,Florida Atlantic,,,2014
11/29/14,Utah State,,Boise State,,,2014
11/29/14,Kentucky,,Louisville,,,2014
11/29/14,No Carolina State,,North Carolina,,,2014
11/29/14,Pittsburgh,,Miami-Florida,,,2014
11/29/14,South Carolina,,Clemson,,,2014
11/29/14,UL-Lafayette,,Troy,,,2014
11/29/14,Wake Forest,,Duke,,,2014
11/29/14,Illinois,,Northwestern,,,2014
11/29/14,Michigan State,,Penn State,,,2014
11/29/14,Rutgers,,Maryland,,,2014
11/29/14,Syracuse,,Boston College,,,2014
11/29/14,Tennessee,,Vanderbilt,,,2014
11/29/14,Texas Tech,,Baylor,,,2014
11/29/14,U-A-B,,Southern Miss,,,2014
11/29/14,New Mexico State,,Arkansas State,,,2014
11/29/14,Oregon,,Oregon State,,,2014
11/29/14,Utah,,Colorado,,,2014
11/29/14,Hawaii,,Fresno State,,,2014
12/4/14,U-C-F,,East Carolina,,,2014
12/6/14,Iowa State,,Texas Christian,,,2014
12/6/14,S-M-U,,Connecticut,,,2014
12/6/14,Houston,,Cincinnati,,,2014
12/6/14,Temple,,Tulane,,,2014
12/6/14,Kansas State,,Baylor,,,2014
12/6/14,Oklahoma State,,Oklahoma,,,2014
12/13/14,Navy,,Army,,,2014