Date,Visitor,Visitor Score,Home Team,Home Score,Line,Total Line
9/4/14,Green Bay Packers,,Seattle Seahawks,,,
9/7/14,New Orleans Saints,,Atlanta Falcons,,,
9/7/14,Minnesota Vikings,,St Louis Rams,,,
9/7/14,Cleveland Browns,,Pittsburgh Steelers,,,
9/7/14,Jacksonville Jaguars,,Philadelphia Eagles,,,
9/7/14,Oakland Raiders,,New York Jets,,,
9/7/14,Cincinnati Bengals,,Baltimore Ravens,,,
9/7/14,Buffalo Bills,,Chicago Bears,,,
9/7/14,Washington Redskins,,Houston Texans,,,
9/7/14,Tennessee Titans,,Kansas City Chiefs,,,
9/7/14,New England Patriots,,Miami Dolphins,,,
9/7/14,Carolina Panthers,,Tampa Bay Buccaneers,,,
9/7/14,San Francisco 49ers,,Dallas Cowboys,,,
9/7/14,Indianapolis Colts,,Denver Broncos,,,
9/8/14,New York Giants,,Detroit Lions,,,
9/8/14,San Diego Chargers,,Arizona Cardinals,,,
9/11/14,Pittsburgh Steelers,,Baltimore Ravens,,,
9/14/14,Detroit Lions,,Carolina Panthers,,,
9/14/14,Miami Dolphins,,Buffalo Bills,,,
9/14/14,Jacksonville Jaguars,,Washington Redskins,,,
9/14/14,Dallas Cowboys,,Tennessee Titans,,,
9/14/14,Arizona Cardinals,,New York Giants,,,
9/14/14,New England Patriots,,Minnesota Vikings,,,
9/14/14,New Orleans Saints,,Cleveland Browns,,,
9/14/14,Atlanta Falcons,,Cincinnati Bengals,,,
9/14/14,St Louis Rams,,Tampa Bay Buccaneers,,,
9/14/14,Seattle Seahawks,,San Diego Chargers,,,
9/14/14,Houston Texans,,Oakland Raiders,,,
9/14/14,New York Jets,,Green Bay Packers,,,
9/14/14,Kansas City Chiefs,,Denver Broncos,,,
9/14/14,Chicago Bears,,San Francisco 49ers,,,
9/15/14,Philadelphia Eagles,,Indianapolis Colts,,,
9/18/14,Tampa Bay Buccaneers,,Atlanta Falcons,,,
9/21/14,San Diego Chargers,,Buffalo Bills,,,
9/21/14,Dallas Cowboys,,St Louis Rams,,,
9/21/14,Washington Redskins,,Philadelphia Eagles,,,
9/21/14,Houston Texans,,New York Giants,,,
9/21/14,Minnesota Vikings,,New Orleans Saints,,,
9/21/14,Tennessee Titans,,Cincinnati Bengals,,,
9/21/14,Baltimore Ravens,,Cleveland Browns,,,
9/21/14,Green Bay Packers,,Detroit Lions,,,
9/21/14,Indianapolis Colts,,Jacksonville Jaguars,,,
9/21/14,Oakland Raiders,,New England Patriots,,,
9/21/14,San Francisco 49ers,,Arizona Cardinals,,,
9/21/14,Denver Broncos,,Seattle Seahawks,,,
9/21/14,Kansas City Chiefs,,Miami Dolphins,,,
9/21/14,Pittsburgh Steelers,,Carolina Panthers,,,
9/22/14,Chicago Bears,,New York Jets,,,
9/25/14,New York Giants,,Washington Redskins,,,
9/28/14,Miami Dolphins,,Oakland Raiders,,,
9/28/14,Green Bay Packers,,Chicago Bears,,,
9/28/14,Buffalo Bills,,Houston Texans,,,
9/28/14,Tennessee Titans,,Indianapolis Colts,,,
9/28/14,Carolina Panthers,,Baltimore Ravens,,,
9/28/14,Detroit Lions,,New York Jets,,,
9/28/14,Tampa Bay Buccaneers,,Pittsburgh Steelers,,,
9/28/14,Jacksonville Jaguars,,San Diego Chargers,,,
9/28/14,Philadelphia Eagles,,San Francisco 49ers,,,
9/28/14,Atlanta Falcons,,Minnesota Vikings,,,
9/28/14,New Orleans Saints,,Dallas Cowboys,,,
9/29/14,New England Patriots,,Kansas City Chiefs,,,
10/2/14,Minnesota Vikings,,Green Bay Packers,,,
10/5/14,Chicago Bears,,Carolina Panthers,,,
10/5/14,Cleveland Browns,,Tennessee Titans,,,
10/5/14,St Louis Rams,,Philadelphia Eagles,,,
10/5/14,Atlanta Falcons,,New York Giants,,,
10/5/14,Tampa Bay Buccaneers,,New Orleans Saints,,,
10/5/14,Houston Texans,,Dallas Cowboys,,,
10/5/14,Buffalo Bills,,Detroit Lions,,,
10/5/14,Baltimore Ravens,,Indianapolis Colts,,,
10/5/14,Pittsburgh Steelers,,Jacksonville Jaguars,,,
10/5/14,Arizona Cardinals,,Denver Broncos,,,
10/5/14,Kansas City Chiefs,,San Francisco 49ers,,,
10/5/14,New York Jets,,San Diego Chargers,,,
10/5/14,Cincinnati Bengals,,New England Patriots,,,
10/6/14,Seattle Seahawks,,Washington Redskins,,,
10/9/14,Indianapolis Colts,,Houston Texans,,,
10/12/14,Denver Broncos,,New York Jets,,,
10/12/14,Pittsburgh Steelers,,Cleveland Browns,,,
10/12/14,Jacksonville Jaguars,,Tennessee Titans,,,
10/12/14,Chicago Bears,,Atlanta Falcons,,,
10/12/14,Green Bay Packers,,Miami Dolphins,,,
10/12/14,Detroit Lions,,Minnesota Vikings,,,
10/12/14,Carolina Panthers,,Cincinnati Bengals,,,
10/12/14,New England Patriots,,Buffalo Bills,,,
10/12/14,Baltimore Ravens,,Tampa Bay Buccaneers,,,
10/12/14,San Diego Chargers,,Oakland Raiders,,,
10/12/14,Dallas Cowboys,,Seattle Seahawks,,,
10/12/14,Washington Redskins,,Arizona Cardinals,,,
10/12/14,New York Giants,,Philadelphia Eagles,,,
10/13/14,San Francisco 49ers,,St Louis Rams,,,
10/16/14,New York Jets,,New England Patriots,,,
10/19/14,Cincinnati Bengals,,Indianapolis Colts,,,
10/19/14,Tennessee Titans,,Washington Redskins,,,
10/19/14,Miami Dolphins,,Chicago Bears,,,
10/19/14,Cleveland Browns,,Jacksonville Jaguars,,,
10/19/14,Seattle Seahawks,,St Louis Rams,,,
10/19/14,Carolina Panthers,,Green Bay Packers,,,
10/19/14,Atlanta Falcons,,Baltimore Ravens,,,
10/19/14,Minnesota Vikings,,Buffalo Bills,,,
10/19/14,New Orleans Saints,,Detroit Lions,,,
10/19/14,Kansas City Chiefs,,San Diego Chargers,,,
10/19/14,New York Giants,,Dallas Cowboys,,,
10/19/14,Arizona Cardinals,,Oakland Raiders,,,
10/19/14,San Francisco 49ers,,Denver Broncos,,,
10/20/14,Houston Texans,,Pittsburgh Steelers,,,
10/23/14,San Diego Chargers,,Denver Broncos,,,
10/26/14,Detroit Lions,,Atlanta Falcons,,,
10/26/14,Minnesota Vikings,,Tampa Bay Buccaneers,,,
10/26/14,Chicago Bears,,New England Patriots,,,
10/26/14,St Louis Rams,,Kansas City Chiefs,,,
10/26/14,Seattle Seahawks,,Carolina Panthers,,,
10/26/14,Buffalo Bills,,New York Jets,,,
10/26/14,Miami Dolphins,,Jacksonville Jaguars,,,
10/26/14,Houston Texans,,Tennessee Titans,,,
10/26/14,Baltimore Ravens,,Cincinnati Bengals,,,
10/26/14,Philadelphia Eagles,,Arizona Cardinals,,,
10/26/14,Indianapolis Colts,,Pittsburgh Steelers,,,
10/26/14,Oakland Raiders,,Cleveland Browns,,,
10/26/14,Green Bay Packers,,New Orleans Saints,,,
10/27/14,Washington Redskins,,Dallas Cowboys,,,
10/30/14,New Orleans Saints,,Carolina Panthers,,,
11/2/14,San Diego Chargers,,Miami Dolphins,,,
11/2/14,Jacksonville Jaguars,,Cincinnati Bengals,,,
11/2/14,Tampa Bay Buccaneers,,Cleveland Browns,,,
11/2/14,Washington Redskins,,Minnesota Vikings,,,
11/2/14,Philadelphia Eagles,,Houston Texans,,,
11/2/14,New York Jets,,Kansas City Chiefs,,,
11/2/14,Arizona Cardinals,,Dallas Cowboys,,,
11/2/14,St Louis Rams,,San Francisco 49ers,,,
11/2/14,Denver Broncos,,New England Patriots,,,
11/2/14,Oakland Raiders,,Seattle Seahawks,,,
11/2/14,Baltimore Ravens,,Pittsburgh Steelers,,,
11/3/14,Indianapolis Colts,,New York Giants,,,
11/6/14,Cleveland Browns,,Cincinnati Bengals,,,
11/9/14,Dallas Cowboys,,Jacksonville Jaguars,,,
11/9/14,Tennessee Titans,,Baltimore Ravens,,,
11/9/14,Kansas City Chiefs,,Buffalo Bills,,,
11/9/14,Miami Dolphins,,Detroit Lions,,,
11/9/14,San Francisco 49ers,,New Orleans Saints,,,
11/9/14,Pittsburgh Steelers,,New York Jets,,,
11/9/14,Atlanta Falcons,,Tampa Bay Buccaneers,,,
11/9/14,Denver Broncos,,Oakland Raiders,,,
11/9/14,St Louis Rams,,Arizona Cardinals,,,
11/9/14,New York Giants,,Seattle Seahawks,,,
11/9/14,Chicago Bears,,Green Bay Packers,,,
11/10/14,Carolina Panthers,,Philadelphia Eagles,,,
11/13/14,Buffalo Bills,,Miami Dolphins,,,
11/16/14,Atlanta Falcons,,Carolina Panthers,,,
11/16/14,Minnesota Vikings,,Chicago Bears,,,
11/16/14,Houston Texans,,Cleveland Browns,,,
11/16/14,Philadelphia Eagles,,Green Bay Packers,,,
11/16/14,Seattle Seahawks,,Kansas City Chiefs,,,
11/16/14,Cincinnati Bengals,,New Orleans Saints,,,
11/16/14,San Francisco 49ers,,New York Giants,,,
11/16/14,Denver Broncos,,St Louis Rams,,,
11/16/14,Tampa Bay Buccaneers,,Washington Redskins,,,
11/16/14,Oakland Raiders,,San Diego Chargers,,,
11/16/14,Detroit Lions,,Arizona Cardinals,,,
11/16/14,New England Patriots,,Indianapolis Colts,,,
11/17/14,Pittsburgh Steelers,,Tennessee Titans,,,
11/20/14,Kansas City Chiefs,,Oakland Raiders,,,
11/23/14,Cleveland Browns,,Atlanta Falcons,,,
11/23/14,New York Jets,,Buffalo Bills,,,
11/23/14,Tampa Bay Buccaneers,,Chicago Bears,,,
11/23/14,Cincinnati Bengals,,Houston Texans,,,
11/23/14,Jacksonville Jaguars,,Indianapolis Colts,,,
11/23/14,Green Bay Packers,,Minnesota Vikings,,,
11/23/14,Detroit Lions,,New England Patriots,,,
11/23/14,Tennessee Titans,,Philadelphia Eagles,,,
11/23/14,St Louis Rams,,San Diego Chargers,,,
11/23/14,Arizona Cardinals,,Seattle Seahawks,,,
11/23/14,Miami Dolphins,,Denver Broncos,,,
11/23/14,Washington Redskins,,San Francisco 49ers,,,
11/23/14,Dallas Cowboys,,New York Giants,,,
11/24/14,Baltimore Ravens,,New Orleans Saints,,,
11/27/14,Chicago Bears,,Detroit Lions,,,
11/27/14,Philadelphia Eagles,,Dallas Cowboys,,,
11/27/14,Seattle Seahawks,,San Francisco 49ers,,,
11/30/14,San Diego Chargers,,Baltimore Ravens,,,
11/30/14,Cleveland Browns,,Buffalo Bills,,,
11/30/14,Tennessee Titans,,Houston Texans,,,
11/30/14,Washington Redskins,,Indianapolis Colts,,,
11/30/14,New York Giants,,Jacksonville Jaguars,,,
11/30/14,Carolina Panthers,,Minnesota Vikings,,,
11/30/14,New Orleans Saints,,Pittsburgh Steelers,,,
11/30/14,Oakland Raiders,,St Louis Rams,,,
11/30/14,Cincinnati Bengals,,Tampa Bay Buccaneers,,,
11/30/14,Arizona Cardinals,,Atlanta Falcons,,,
11/30/14,New England Patriots,,Green Bay Packers,,,
11/30/14,Denver Broncos,,Kansas City Chiefs,,,
12/1/14,Miami Dolphins,,New York Jets,,,
12/4/14,Dallas Cowboys,,Chicago Bears,,,
12/7/14,Pittsburgh Steelers,,Cincinnati Bengals,,,
12/7/14,Indianapolis Colts,,Cleveland Browns,,,
12/7/14,Tampa Bay Buccaneers,,Detroit Lions,,,
12/7/14,Houston Texans,,Jacksonville Jaguars,,,
12/7/14,Baltimore Ravens,,Miami Dolphins,,,
12/7/14,New York Jets,,Minnesota Vikings,,,
12/7/14,Carolina Panthers,,New Orleans Saints,,,
12/7/14,New York Giants,,Tennessee Titans,,,
12/7/14,St Louis Rams,,Washington Redskins,,,
12/7/14,Kansas City Chiefs,,Arizona Cardinals,,,
12/7/14,Buffalo Bills,,Denver Broncos,,,
12/7/14,San Francisco 49ers,,Oakland Raiders,,,
12/7/14,Seattle Seahawks,,Philadelphia Eagles,,,
12/7/14,New England Patriots,,San Diego Chargers,,,
12/8/14,Atlanta Falcons,,Green Bay Packers,,,
12/11/14,Arizona Cardinals,,St Louis Rams,,,
12/14/14,Pittsburgh Steelers,,Atlanta Falcons,,,
12/14/14,Jacksonville Jaguars,,Baltimore Ravens,,,
12/14/14,Green Bay Packers,,Buffalo Bills,,,
12/14/14,Tampa Bay Buccaneers,,Carolina Panthers,,,
12/14/14,Cincinnati Bengals,,Cleveland Browns,,,
12/14/14,Minnesota Vikings,,Detroit Lions,,,
12/14/14,Houston Texans,,Indianapolis Colts,,,
12/14/14,Oakland Raiders,,Kansas City Chiefs,,,
12/14/14,Miami Dolphins,,New England Patriots,,,
12/14/14,Washington Redskins,,New York Giants,,,
12/14/14,Denver Broncos,,San Diego Chargers,,,
12/14/14,New York Jets,,Tennessee Titans,,,
12/14/14,San Francisco 49ers,,Seattle Seahawks,,,
12/14/14,Dallas Cowboys,,Philadelphia Eagles,,,
12/15/14,New Orleans Saints,,Chicago Bears,,,
12/18/14,Tennessee Titans,,Jacksonville Jaguars,,,
12/20/14,San Diego Chargers,,San Francisco 49ers,,,
12/20/14,Philadelphia Eagles,,Washington Redskins,,,
12/21/14,Cleveland Browns,,Carolina Panthers,,,
12/21/14,Detroit Lions,,Chicago Bears,,,
12/21/14,Baltimore Ravens,,Houston Texans,,,
12/21/14,Minnesota Vikings,,Miami Dolphins,,,
12/21/14,Atlanta Falcons,,New Orleans Saints,,,
12/21/14,New England Patriots,,New York Jets,,,
12/21/14,Kansas City Chiefs,,Pittsburgh Steelers,,,
12/21/14,Green Bay Packers,,Tampa Bay Buccaneers,,,
12/21/14,New York Giants,,St Louis Rams,,,
12/21/14,Indianapolis Colts,,Dallas Cowboys,,,
12/21/14,Buffalo Bills,,Oakland Raiders,,,
12/21/14,Seattle Seahawks,,Arizona Cardinals,,,
12/22/14,Denver Broncos,,Cincinnati Bengals,,,
12/28/14,Carolina Panthers,,Atlanta Falcons,,,
12/28/14,Cleveland Browns,,Baltimore Ravens,,,
12/28/14,Detroit Lions,,Green Bay Packers,,,
12/28/14,Jacksonville Jaguars,,Houston Texans,,,
12/28/14,San Diego Chargers,,Kansas City Chiefs,,,
12/28/14,New York Jets,,Miami Dolphins,,,
12/28/14,Chicago Bears,,Minnesota Vikings,,,
12/28/14,Buffalo Bills,,New England Patriots,,,
12/28/14,Philadelphia Eagles,,New York Giants,,,
12/28/14,Cincinnati Bengals,,Pittsburgh Steelers,,,
12/28/14,New Orleans Saints,,Tampa Bay Buccaneers,,,
12/28/14,Indianapolis Colts,,Tennessee Titans,,,
12/28/14,Dallas Cowboys,,Washington Redskins,,,
12/28/14,St Louis Rams,,Seattle Seahawks,,,
12/28/14,Oakland Raiders,,Denver Broncos,,,
12/28/14,Arizona Cardinals,,San Francisco 49ers,,,