Date,Visitor,Visitor Score,Home Team,Home Score,Line,Total Line,season,week,favorite,underdog,favoredHomeGame,divisionGame,homeWin,favoredWin,gameWeek,homeRecord,visitorRecord,favoredRecord,underdogRecord,prevFavoredRecord,prevUnderdogRecord,absLine,Date.year,Date.month,Date.day-of-month,Date.day-of-week,favoredWin,probability,1 probability,0 probability
2015-09-10,Pittsburgh Steelers,21,New England Patriots,28,7.0,,2015,,New England Patriots,Pittsburgh Steelers,1,0,1,1,1,0.0,0.0,0.0,0.0,0.75,0.6875,7.0,2015,9,10,4,1,0.70303,0.70303,0.29697
2015-09-13,Green Bay Packers,31,Chicago Bears,23,-6.5,,2015,,Green Bay Packers,Chicago Bears,0,1,0,1,1,0.0,0.0,0.0,0.0,0.75,0.3125,6.5,2015,9,13,7,1,0.66351,0.66351,0.33649
2015-09-13,Kansas City Chiefs,27,Houston Texans,20,1.0,,2015,,Houston Texans,Kansas City Chiefs,1,0,0,0,1,0.0,0.0,0.0,0.0,0.5625,0.5625,1.0,2015,9,13,7,0,0.55925,0.44075,0.55925
2015-09-13,Cleveland Browns,10,New York Jets,31,3.0,,2015,,New York Jets,Cleveland Browns,1,0,1,1,1,0.0,0.0,0.0,0.0,0.25,0.4375,3.0,2015,9,13,7,1,0.51567,0.51567,0.48433
2015-09-13,Indianapolis Colts,14,Buffalo Bills,27,-2.5,,2015,,Indianapolis Colts,Buffalo Bills,0,0,1,0,1,0.0,0.0,0.0,0.0,0.6875,0.5625,2.5,2015,9,13,7,0,0.53734,0.46266,0.53734
2015-09-13,Miami Dolphins,17,Washington Redskins,10,-3.5,,2015,,Miami Dolphins,Washington Redskins,0,0,0,1,1,0.0,0.0,0.0,0.0,0.5,0.25,3.5,2015,9,13,7,0,0.52436,0.47564,0.52436
2015-09-13,Carolina Panthers,20,Jacksonville Jaguars,9,-3.0,,2015,,Carolina Panthers,Jacksonville Jaguars,0,0,0,1,1,0.0,0.0,0.0,0.0,0.4375,0.1875,3.0,2015,9,13,7,0,0.55223,0.44777,0.55223
2015-09-13,Seattle Seahawks,31,Los Angeles Rams,34,-4.0,,2015,,Seattle Seahawks,Los Angeles Rams,0,1,1,0,1,0.0,0.0,0.0,0.0,0.75,0.375,4.0,2015,9,13,7,1,0.56606,0.56606,0.43394
2015-09-13,New Orleans Saints,19,Arizona Cardinals,31,2.5,,2015,,Arizona Cardinals,New Orleans Saints,1,0,1,1,1,0.0,0.0,0.0,0.0,0.6875,0.4375,2.5,2015,9,13,7,0,0.50613,0.49387,0.50613
2015-09-13,Detroit Lions,28,San Diego Chargers,33,3.0,,2015,,San Diego Chargers,Detroit Lions,1,0,1,1,1,0.0,0.0,0.0,0.0,0.5625,0.6875,3.0,2015,9,13,7,1,0.54022,0.54022,0.45978
2015-09-13,Tennessee Titans,42,Tampa Bay Buccaneers,14,3.0,,2015,,Tampa Bay Buccaneers,Tennessee Titans,1,0,0,0,1,0.0,0.0,0.0,0.0,0.125,0.125,3.0,2015,9,13,7,0,0.51505,0.48495,0.51505
2015-09-13,Cincinnati Bengals,33,Oakland Raiders,13,-3.5,,2015,,Cincinnati Bengals,Oakland Raiders,0,0,0,1,1,0.0,0.0,0.0,0.0,0.625,0.1875,3.5,2015,9,13,7,0,0.53047,0.46953,0.53047
2015-09-13,Baltimore Ravens,13,Denver Broncos,19,4.5,,2015,,Denver Broncos,Baltimore Ravens,1,0,1,1,1,0.0,0.0,0.0,0.0,0.75,0.625,4.5,2015,9,13,7,1,0.59855,0.59855,0.40145
2015-09-13,New York Giants,26,Dallas Cowboys,27,6.0,,2015,,Dallas Cowboys,New York Giants,1,1,1,1,1,0.0,0.0,0.0,0.0,0.75,0.375,6.0,2015,9,13,7,1,0.68788,0.68788,0.31212
2015-09-14,Philadelphia Eagles,24,Atlanta Falcons,26,-3.0,,2015,,Philadelphia Eagles,Atlanta Falcons,0,0,1,0,1,0.0,0.0,0.0,0.0,0.625,0.375,3.0,2015,9,14,1,0,0.53391,0.46609,0.53391
2015-09-14,Minnesota Vikings,3,San Francisco 49ers,20,-2.5,,2015,,Minnesota Vikings,San Francisco 49ers,0,0,1,0,1,0.0,0.0,0.0,0.0,0.4375,0.5,2.5,2015,9,14,1,0,0.54349,0.45651,0.54349
2015-09-17,Denver Broncos,31,Kansas City Chiefs,24,3.0,,2015,,Kansas City Chiefs,Denver Broncos,1,1,0,0,2,1.0,1.0,1.0,1.0,0.5625,0.75,3.0,2015,9,17,4,1,0.67591,0.67591,0.32409
2015-09-20,Houston Texans,17,Carolina Panthers,24,3.0,,2015,,Carolina Panthers,Houston Texans,1,0,1,1,2,1.0,0.0,1.0,0.0,0.4375,0.5625,3.0,2015,9,20,7,1,0.76152,0.76152,0.23848
2015-09-20,San Francisco 49ers,18,Pittsburgh Steelers,43,5.5,,2015,,Pittsburgh Steelers,San Francisco 49ers,1,0,1,1,2,0.0,1.0,0.0,1.0,0.6875,0.5,5.5,2015,9,20,7,0,0.55029,0.44971,0.55029
2015-09-20,Tampa Bay Buccaneers,26,New Orleans Saints,19,9.5,,2015,,New Orleans Saints,Tampa Bay Buccaneers,1,1,0,0,2,0.0,0.0,0.0,0.0,0.4375,0.125,9.5,2015,9,20,7,1,0.78644,0.78644,0.21356
2015-09-20,Detroit Lions,16,Minnesota Vikings,26,3.0,,2015,,Minnesota Vikings,Detroit Lions,1,1,1,1,2,0.0,0.0,0.0,0.0,0.4375,0.6875,3.0,2015,9,20,7,1,0.59546,0.59546,0.40454
2015-09-20,Arizona Cardinals,48,Chicago Bears,23,-1.5,,2015,,Arizona Cardinals,Chicago Bears,0,0,0,1,2,0.0,1.0,1.0,0.0,0.6875,0.3125,1.5,2015,9,20,7,1,0.65158,0.65158,0.34842
2015-09-20,New England Patriots,40,Buffalo Bills,32,-1.0,,2015,,New England Patriots,Buffalo Bills,0,1,0,1,2,1.0,1.0,1.0,1.0,0.75,0.5625,1.0,2015,9,20,7,1,0.5342,0.5342,0.4658
2015-09-20,San Diego Chargers,19,Cincinnati Bengals,24,3.0,,2015,,Cincinnati Bengals,San Diego Chargers,1,0,1,1,2,1.0,1.0,1.0,1.0,0.625,0.5625,3.0,2015,9,20,7,1,0.60705,0.60705,0.39295
2015-09-20,Tennessee Titans,14,Cleveland Browns,28,-1.0,,2015,,Tennessee Titans,Cleveland Browns,0,0,1,0,2,0.0,1.0,1.0,0.0,0.125,0.4375,1.0,2015,9,20,7,1,0.64272,0.64272,0.35728
2015-09-20,Atlanta Falcons,24,New York Giants,20,2.0,,2015,,New York Giants,Atlanta Falcons,1,0,0,0,2,0.0,1.0,0.0,1.0,0.375,0.375,2.0,2015,9,20,7,0,0.70351,0.29649,0.70351
2015-09-20,Los Angeles Rams,10,Washington Redskins,24,-3.5,,2015,,Los Angeles Rams,Washington Redskins,0,0,1,0,2,0.0,1.0,1.0,0.0,0.375,0.25,3.5,2015,9,20,7,1,0.7214,0.7214,0.2786
2015-09-20,Miami Dolphins,20,Jacksonville Jaguars,23,-6.0,,2015,,Miami Dolphins,Jacksonville Jaguars,0,0,1,0,2,0.0,1.0,1.0,0.0,0.5,0.1875,6.0,2015,9,20,7,1,0.79652,0.79652,0.20348
2015-09-20,Baltimore Ravens,33,Oakland Raiders,37,-6.0,,2015,,Baltimore Ravens,Oakland Raiders,0,0,1,0,2,0.0,0.0,0.0,0.0,0.625,0.1875,6.0,2015,9,20,7,1,0.57805,0.57805,0.42195
2015-09-20,Dallas Cowboys,20,Philadelphia Eagles,10,5.0,,2015,,Philadelphia Eagles,Dallas Cowboys,1,1,0,0,2,0.0,1.0,0.0,1.0,0.625,0.75,5.0,2015,9,20,7,1,0.50882,0.50882,0.49118
2015-09-20,Seattle Seahawks,17,Green Bay Packers,27,3.5,,2015,,Green Bay Packers,Seattle Seahawks,1,0,1,1,2,1.0,0.0,1.0,0.0,0.75,0.75,3.5,2015,9,20,7,1,0.7896,0.7896,0.2104
2015-09-21,New York Jets,20,Indianapolis Colts,7,7.0,,2015,,Indianapolis Colts,New York Jets,1,0,0,0,2,0.0,1.0,0.0,1.0,0.6875,0.25,7.0,2015,9,21,1,0,0.50937,0.49063,0.50937
2015-09-24,Washington Redskins,21,New York Giants,32,3.5,,2015,,New York Giants,Washington Redskins,1,1,1,1,3,0.0,0.5,0.0,0.5,0.375,0.25,3.5,2015,9,24,4,0,0.51549,0.48451,0.51549
2015-09-27,Atlanta Falcons,39,Dallas Cowboys,28,2.0,,2015,,Dallas Cowboys,Atlanta Falcons,1,0,0,0,3,1.0,1.0,1.0,1.0,0.75,0.375,2.0,2015,9,27,7,1,0.54617,0.54617,0.45383
2015-09-27,Indianapolis Colts,35,Tennessee Titans,33,-3.5,,2015,,Indianapolis Colts,Tennessee Titans,0,1,0,1,3,0.5,0.0,0.0,0.5,0.6875,0.125,3.5,2015,9,27,7,0,0.57081,0.42919,0.57081
2015-09-27,Oakland Raiders,27,Cleveland Browns,20,3.5,,2015,,Cleveland Browns,Oakland Raiders,1,0,0,0,3,0.5,0.5,0.5,0.5,0.4375,0.1875,3.5,2015,9,27,7,1,0.55281,0.55281,0.44719
2015-09-27,Cincinnati Bengals,28,Baltimore Ravens,24,2.5,,2015,,Baltimore Ravens,Cincinnati Bengals,1,1,0,0,3,0.0,1.0,0.0,1.0,0.625,0.625,2.5,2015,9,27,7,0,0.61126,0.38874,0.61126
2015-09-27,Jacksonville Jaguars,17,New England Patriots,51,13.5,,2015,,New England Patriots,Jacksonville Jaguars,1,0,1,1,3,1.0,0.5,1.0,0.5,0.75,0.1875,13.5,2015,9,27,7,1,0.92332,0.92332,0.07668
2015-09-27,New Orleans Saints,22,Carolina Panthers,27,6.5,,2015,,Carolina Panthers,New Orleans Saints,1,1,1,1,3,1.0,0.0,1.0,0.0,0.4375,0.4375,6.5,2015,9,27,7,1,0.87547,0.87547,0.12453
2015-09-27,Philadelphia Eagles,24,New York Jets,17,2.5,,2015,,New York Jets,Philadelphia Eagles,1,0,0,0,3,1.0,0.0,1.0,0.0,0.25,0.625,2.5,2015,9,27,7,1,0.74968,0.74968,0.25032
2015-09-27,Tampa Bay Buccaneers,9,Houston Texans,19,6.5,,2015,,Houston Texans,Tampa Bay Buccaneers,1,0,1,1,3,0.0,0.5,0.0,0.5,0.5625,0.125,6.5,2015,9,27,7,1,0.54683,0.54683,0.45317
2015-09-27,San Diego Chargers,14,Minnesota Vikings,31,2.5,,2015,,Minnesota Vikings,San Diego Chargers,1,0,1,1,3,0.5,0.5,0.5,0.5,0.4375,0.5625,2.5,2015,9,27,7,1,0.54596,0.54596,0.45404
2015-09-27,Pittsburgh Steelers,12,Los Angeles Rams,6,-1.0,,2015,,Pittsburgh Steelers,Los Angeles Rams,0,0,0,1,3,0.5,0.5,0.5,0.5,0.6875,0.375,1.0,2015,9,27,7,0,0.58081,0.41919,0.58081
2015-09-27,San Francisco 49ers,7,Arizona Cardinals,47,6.5,,2015,,Arizona Cardinals,San Francisco 49ers,1,1,1,1,3,1.0,0.5,1.0,0.5,0.6875,0.5,6.5,2015,9,27,7,1,0.83367,0.83367,0.16633
2015-09-27,Buffalo Bills,41,Miami Dolphins,14,3.0,,2015,,Miami Dolphins,Buffalo Bills,1,1,0,0,3,0.5,0.5,0.5,0.5,0.5,0.5625,3.0,2015,9,27,7,1,0.62209,0.62209,0.37791
2015-09-27,Chicago Bears,0,Seattle Seahawks,26,15.0,,2015,,Seattle Seahawks,Chicago Bears,1,0,1,1,3,0.0,0.0,0.0,0.0,0.75,0.3125,15.0,2015,9,27,7,1,0.89218,0.89218,0.10782
2015-09-27,Denver Broncos,24,Detroit Lions,12,-3.5,,2015,,Denver Broncos,Detroit Lions,0,0,0,1,3,0.0,1.0,1.0,0.0,0.75,0.6875,3.5,2015,9,27,7,1,0.75449,0.75449,0.24551
2015-09-28,Kansas City Chiefs,28,Green Bay Packers,38,6.5,,2015,,Green Bay Packers,Kansas City Chiefs,1,0,1,1,3,1.0,0.5,1.0,0.5,0.75,0.5625,6.5,2015,9,28,1,1,0.80377,0.80377,0.19623
2015-10-01,Baltimore Ravens,23,Pittsburgh Steelers,20,-2.5,,2015,,Baltimore Ravens,Pittsburgh Steelers,0,1,0,1,4,0.666666666667,0.0,0.0,0.666666666667,0.625,0.6875,2.5,2015,10,1,4,0,0.58933,0.41067,0.58933
2015-10-04,New York Jets,27,Miami Dolphins,14,-1.5,,2015,,New York Jets,Miami Dolphins,0,1,0,1,4,0.333333333333,0.666666666667,0.666666666667,0.333333333333,0.25,0.5,1.5,2015,10,4,7,1,0.5822,0.5822,0.4178
2015-10-04,Jacksonville Jaguars,13,Indianapolis Colts,16,9.0,,2015,,Indianapolis Colts,Jacksonville Jaguars,1,1,1,1,4,0.333333333333,0.333333333333,0.333333333333,0.333333333333,0.6875,0.1875,9.0,2015,10,4,7,1,0.7936,0.7936,0.2064
2015-10-04,New York Giants,24,Buffalo Bills,10,5.5,,2015,,Buffalo Bills,New York Giants,1,0,0,0,4,0.666666666667,0.333333333333,0.666666666667,0.333333333333,0.5625,0.375,5.5,2015,10,4,7,1,0.7173,0.7173,0.2827
2015-10-04,Carolina Panthers,37,Tampa Bay Buccaneers,23,-3.0,,2015,,Carolina Panthers,Tampa Bay Buccaneers,0,1,0,1,4,0.333333333333,1.0,1.0,0.333333333333,0.4375,0.125,3.0,2015,10,4,7,1,0.68937,0.68937,0.31063
2015-10-04,Philadelphia Eagles,20,Washington Redskins,23,-3.0,,2015,,Philadelphia Eagles,Washington Redskins,0,1,1,0,4,0.333333333333,0.333333333333,0.333333333333,0.333333333333,0.625,0.25,3.0,2015,10,4,7,1,0.53654,0.53654,0.46346
2015-10-04,Oakland Raiders,20,Chicago Bears,22,-3.0,,2015,,Oakland Raiders,Chicago Bears,0,0,1,0,4,0.0,0.666666666667,0.666666666667,0.0,0.1875,0.3125,3.0,2015,10,4,7,1,0.63096,0.63096,0.36904
2015-10-04,Houston Texans,21,Atlanta Falcons,48,6.5,,2015,,Atlanta Falcons,Houston Texans,1,0,1,1,4,1.0,0.333333333333,1.0,0.333333333333,0.375,0.5625,6.5,2015,10,4,7,1,0.82198,0.82198,0.17802
2015-10-04,Kansas City Chiefs,21,Cincinnati Bengals,36,4.0,,2015,,Cincinnati Bengals,Kansas City Chiefs,1,0,1,1,4,1.0,0.333333333333,1.0,0.333333333333,0.625,0.5625,4.0,2015,10,4,7,1,0.7488,0.7488,0.2512
2015-10-04,Cleveland Browns,27,San Diego Chargers,30,7.5,,2015,,San Diego Chargers,Cleveland Browns,1,0,1,1,4,0.333333333333,0.333333333333,0.333333333333,0.333333333333,0.5625,0.4375,7.5,2015,10,4,7,1,0.72229,0.72229,0.27771
2015-10-04,Green Bay Packers,17,San Francisco 49ers,3,-8.5,,2015,,Green Bay Packers,San Francisco 49ers,0,0,0,1,4,0.333333333333,1.0,1.0,0.333333333333,0.75,0.5,8.5,2015,10,4,7,1,0.84309,0.84309,0.15691
2015-10-04,Los Angeles Rams,24,Arizona Cardinals,22,7.0,,2015,,Arizona Cardinals,Los Angeles Rams,1,1,0,0,4,1.0,0.333333333333,1.0,0.333333333333,0.6875,0.375,7.0,2015,10,4,7,1,0.85449,0.85449,0.14551
2015-10-04,Minnesota Vikings,20,Denver Broncos,23,6.5,,2015,,Denver Broncos,Minnesota Vikings,1,0,1,1,4,1.0,0.666666666667,1.0,0.666666666667,0.75,0.4375,6.5,2015,10,4,7,1,0.77536,0.77536,0.22464
2015-10-04,Dallas Cowboys,20,New Orleans Saints,26,4.5,,2015,,New Orleans Saints,Dallas Cowboys,1,0,1,1,4,0.0,0.666666666667,0.0,0.666666666667,0.4375,0.75,4.5,2015,10,4,7,0,0.50968,0.49032,0.50968
2015-10-05,Detroit Lions,10,Seattle Seahawks,13,10.0,,2015,,Seattle Seahawks,Detroit Lions,1,0,1,1,4,0.333333333333,0.0,0.333333333333,0.0,0.75,0.6875,10.0,2015,10,5,1,1,0.84994,0.84994,0.15006
2015-10-08,Indianapolis Colts,27,Houston Texans,20,4.0,,2015,,Houston Texans,Indianapolis Colts,1,1,0,0,5,0.25,0.5,0.25,0.5,0.5625,0.6875,4.0,2015,10,8,4,1,0.61259,0.61259,0.38741
2015-10-11,Chicago Bears,18,Kansas City Chiefs,17,9.5,,2015,,Kansas City Chiefs,Chicago Bears,1,0,0,0,5,0.25,0.25,0.25,0.25,0.5625,0.3125,9.5,2015,10,11,7,1,0.77364,0.77364,0.22636
2015-10-11,Seattle Seahawks,24,Cincinnati Bengals,27,3.0,,2015,,Cincinnati Bengals,Seattle Seahawks,1,0,1,1,5,1.0,0.5,1.0,0.5,0.625,0.75,3.0,2015,10,11,7,1,0.7045,0.7045,0.2955
2015-10-11,Washington Redskins,19,Atlanta Falcons,25,7.5,,2015,,Atlanta Falcons,Washington Redskins,1,0,1,1,5,1.0,0.5,1.0,0.5,0.375,0.25,7.5,2015,10,11,7,1,0.81153,0.81153,0.18847
2015-10-11,Jacksonville Jaguars,31,Tampa Bay Buccaneers,38,3.0,,2015,,Tampa Bay Buccaneers,Jacksonville Jaguars,1,0,1,1,5,0.25,0.25,0.25,0.25,0.125,0.1875,3.0,2015,10,11,7,1,0.51034,0.51034,0.48966
2015-10-11,New Orleans Saints,17,Philadelphia Eagles,39,4.5,,2015,,Philadelphia Eagles,New Orleans Saints,1,0,1,1,5,0.25,0.25,0.25,0.25,0.625,0.4375,4.5,2015,10,11,7,1,0.59932,0.59932,0.40068
2015-10-11,Cleveland Browns,33,Baltimore Ravens,30,6.5,,2015,,Baltimore Ravens,Cleveland Browns,1,1,0,0,5,0.25,0.25,0.25,0.25,0.625,0.4375,6.5,2015,10,11,7,1,0.72697,0.72697,0.27303
2015-10-11,Los Angeles Rams,10,Green Bay Packers,24,9.0,,2015,,Green Bay Packers,Los Angeles Rams,1,0,1,1,5,1.0,0.5,1.0,0.5,0.75,0.375,9.0,2015,10,11,7,1,0.85471,0.85471,0.14529
2015-10-11,Buffalo Bills,14,Tennessee Titans,13,-2.5,,2015,,Buffalo Bills,Tennessee Titans,0,0,0,1,5,0.25,0.5,0.5,0.25,0.5625,0.125,2.5,2015,10,11,7,1,0.50444,0.50444,0.49556
2015-10-11,Arizona Cardinals,42,Detroit Lions,17,-2.5,,2015,,Arizona Cardinals,Detroit Lions,0,0,0,1,5,0.0,0.75,0.75,0.0,0.6875,0.6875,2.5,2015,10,11,7,1,0.66442,0.66442,0.33558
2015-10-11,New England Patriots,30,Dallas Cowboys,6,-9.0,,2015,,New England Patriots,Dallas Cowboys,0,0,0,1,5,0.5,1.0,1.0,0.5,0.75,0.75,9.0,2015,10,11,7,1,0.85135,0.85135,0.14865
2015-10-11,Denver Broncos,16,Oakland Raiders,10,-5.0,,2015,,Denver Broncos,Oakland Raiders,0,1,0,1,5,0.5,1.0,1.0,0.5,0.75,0.1875,5.0,2015,10,11,7,1,0.7408,0.7408,0.2592
2015-10-11,San Francisco 49ers,27,New York Giants,30,7.0,,2015,,New York Giants,San Francisco 49ers,1,0,1,1,5,0.5,0.25,0.5,0.25,0.375,0.5,7.0,2015,10,11,7,1,0.75534,0.75534,0.24466
2015-10-12,Pittsburgh Steelers,24,San Diego Chargers,20,-3.0,,2015,,Pittsburgh Steelers,San Diego Chargers,0,0,0,1,5,0.5,0.5,0.5,0.5,0.6875,0.5625,3.0,2015,10,12,1,1,0.52395,0.52395,0.47605
2015-10-15,Atlanta Falcons,21,New Orleans Saints,31,-3.5,,2015,,Atlanta Falcons,New Orleans Saints,0,1,1,0,6,0.2,1.0,1.0,0.2,0.375,0.4375,3.5,2015,10,15,4,1,0.75071,0.75071,0.24929
2015-10-18,Washington Redskins,20,New York Jets,34,6.0,,2015,,New York Jets,Washington Redskins,1,0,1,1,6,0.8,0.4,0.8,0.4,0.25,0.25,6.0,2015,10,18,7,1,0.74248,0.74248,0.25752
2015-10-18,Arizona Cardinals,13,Pittsburgh Steelers,25,-3.0,,2015,,Arizona Cardinals,Pittsburgh Steelers,0,0,1,0,6,0.6,0.8,0.8,0.6,0.6875,0.6875,3.0,2015,10,18,7,1,0.59542,0.59542,0.40458
2015-10-18,Kansas City Chiefs,10,Minnesota Vikings,16,4.0,,2015,,Minnesota Vikings,Kansas City Chiefs,1,0,1,1,6,0.6,0.2,0.6,0.2,0.4375,0.5625,4.0,2015,10,18,7,1,0.68286,0.68286,0.31714
2015-10-18,Cincinnati Bengals,34,Buffalo Bills,21,-3.5,,2015,,Cincinnati Bengals,Buffalo Bills,0,0,0,1,6,0.6,1.0,1.0,0.6,0.625,0.5625,3.5,2015,10,18,7,1,0.65357,0.65357,0.34643
2015-10-18,Chicago Bears,34,Detroit Lions,37,3.0,,2015,,Detroit Lions,Chicago Bears,1,1,1,1,6,0.0,0.4,0.0,0.4,0.6875,0.3125,3.0,2015,10,18,7,0,0.51377,0.48623,0.51377
2015-10-18,Denver Broncos,26,Cleveland Browns,23,-4.0,,2015,,Denver Broncos,Cleveland Browns,0,0,0,1,6,0.4,1.0,1.0,0.4,0.75,0.4375,4.0,2015,10,18,7,1,0.69392,0.69392,0.30608
2015-10-18,Houston Texans,31,Jacksonville Jaguars,20,0.0,,2015,,Houston Texans,Jacksonville Jaguars,0,1,0,0,6,0.2,0.2,0.2,0.2,0.5625,0.1875,0.0,2015,10,18,7,0,0.61031,0.38969,0.61031
2015-10-18,Miami Dolphins,38,Tennessee Titans,10,2.5,,2015,,Tennessee Titans,Miami Dolphins,1,0,0,0,6,0.2,0.4,0.2,0.4,0.125,0.5,2.5,2015,10,18,7,0,0.52143,0.47857,0.52143
2015-10-18,Carolina Panthers,27,Seattle Seahawks,23,7.0,,2015,,Seattle Seahawks,Carolina Panthers,1,0,0,0,6,0.4,1.0,0.4,1.0,0.75,0.4375,7.0,2015,10,18,7,1,0.6112,0.6112,0.3888
2015-10-18,San Diego Chargers,20,Green Bay Packers,27,10.5,,2015,,Green Bay Packers,San Diego Chargers,1,0,1,1,6,1.0,0.4,1.0,0.4,0.75,0.5625,10.5,2015,10,18,7,1,0.89845,0.89845,0.10155
2015-10-18,Baltimore Ravens,20,San Francisco 49ers,25,-2.5,,2015,,Baltimore Ravens,San Francisco 49ers,0,0,1,0,6,0.2,0.2,0.2,0.2,0.625,0.5,2.5,2015,10,18,7,0,0.52857,0.47143,0.52857
2015-10-18,New England Patriots,34,Indianapolis Colts,27,-7.5,,2015,,New England Patriots,Indianapolis Colts,0,0,0,1,6,0.6,1.0,1.0,0.6,0.75,0.6875,7.5,2015,10,18,7,1,0.7997,0.7997,0.2003
2015-10-19,New York Giants,7,Philadelphia Eagles,27,4.0,,2015,,Philadelphia Eagles,New York Giants,1,1,1,1,6,0.4,0.6,0.4,0.6,0.625,0.375,4.0,2015,10,19,1,1,0.60332,0.60332,0.39668
2015-10-22,Seattle Seahawks,20,San Francisco 49ers,3,-6.0,,2015,,Seattle Seahawks,San Francisco 49ers,0,1,0,1,7,0.333333333333,0.333333333333,0.333333333333,0.333333333333,0.75,0.5,6.0,2015,10,22,4,1,0.68291,0.68291,0.31709
2015-10-25,Buffalo Bills,31,Jacksonville Jaguars,34,-5.5,,2015,,Buffalo Bills,Jacksonville Jaguars,0,0,1,0,7,0.166666666667,0.5,0.5,0.166666666667,0.5625,0.1875,5.5,2015,10,25,7,1,0.65163,0.65163,0.34837
2015-10-25,Tampa Bay Buccaneers,30,Washington Redskins,31,3.5,,2015,,Washington Redskins,Tampa Bay Buccaneers,1,0,1,1,7,0.333333333333,0.333333333333,0.333333333333,0.333333333333,0.25,0.125,3.5,2015,10,25,7,1,0.53231,0.53231,0.46769
2015-10-25,Atlanta Falcons,10,Tennessee Titans,7,-4.5,,2015,,Atlanta Falcons,Tennessee Titans,0,0,0,1,7,0.166666666667,0.833333333333,0.833333333333,0.166666666667,0.375,0.125,4.5,2015,10,25,7,1,0.68491,0.68491,0.31509
2015-10-25,New Orleans Saints,27,Indianapolis Colts,21,4.5,,2015,,Indianapolis Colts,New Orleans Saints,1,0,0,0,7,0.5,0.333333333333,0.5,0.333333333333,0.6875,0.4375,4.5,2015,10,25,7,1,0.64627,0.64627,0.35373
2015-10-25,Minnesota Vikings,28,Detroit Lions,19,-2.5,,2015,,Minnesota Vikings,Detroit Lions,0,1,0,1,7,0.166666666667,0.666666666667,0.666666666667,0.166666666667,0.4375,0.6875,2.5,2015,10,25,7,1,0.66793,0.66793,0.33207
2015-10-25,Pittsburgh Steelers,13,Kansas City Chiefs,23,-2.0,,2015,,Pittsburgh Steelers,Kansas City Chiefs,0,0,1,0,7,0.166666666667,0.666666666667,0.666666666667,0.166666666667,0.6875,0.5625,2.0,2015,10,25,7,1,0.58319,0.58319,0.41681
2015-10-25,Cleveland Browns,6,Los Angeles Rams,24,5.5,,2015,,Los Angeles Rams,Cleveland Browns,1,0,1,1,7,0.5,0.333333333333,0.5,0.333333333333,0.375,0.4375,5.5,2015,10,25,7,1,0.68516,0.68516,0.31484
2015-10-25,Houston Texans,26,Miami Dolphins,44,4.5,,2015,,Miami Dolphins,Houston Texans,1,0,1,1,7,0.5,0.333333333333,0.5,0.333333333333,0.5,0.5625,4.5,2015,10,25,7,1,0.6574,0.6574,0.3426
2015-10-25,New York Jets,23,New England Patriots,30,9.0,,2015,,New England Patriots,New York Jets,1,1,1,1,7,1.0,0.666666666667,1.0,0.666666666667,0.75,0.25,9.0,2015,10,25,7,1,0.86133,0.86133,0.13867
2015-10-25,Oakland Raiders,37,San Diego Chargers,29,4.0,,2015,,San Diego Chargers,Oakland Raiders,1,1,0,0,7,0.333333333333,0.5,0.333333333333,0.5,0.5625,0.1875,4.0,2015,10,25,7,1,0.58594,0.58594,0.41406
2015-10-25,Dallas Cowboys,20,New York Giants,27,3.5,,2015,,New York Giants,Dallas Cowboys,1,1,1,1,7,0.5,0.333333333333,0.5,0.333333333333,0.375,0.75,3.5,2015,10,25,7,1,0.68497,0.68497,0.31503
2015-10-25,Philadelphia Eagles,16,Carolina Panthers,27,3.0,,2015,,Carolina Panthers,Philadelphia Eagles,1,0,1,1,7,1.0,0.5,1.0,0.5,0.4375,0.625,3.0,2015,10,25,7,1,0.69372,0.69372,0.30628
2015-10-26,Baltimore Ravens,18,Arizona Cardinals,26,7.5,,2015,,Arizona Cardinals,Baltimore Ravens,1,0,1,1,7,0.666666666667,0.166666666667,0.666666666667,0.166666666667,0.6875,0.625,7.5,2015,10,26,1,1,0.81724,0.81724,0.18276
2015-10-29,Miami Dolphins,7,New England Patriots,36,8.0,,2015,,New England Patriots,Miami Dolphins,1,1,1,1,8,1.0,0.428571428571,1.0,0.428571428571,0.75,0.5,8.0,2015,10,29,4,1,0.8723,0.8723,0.1277
2015-11-01,Detroit Lions,10,Kansas City Chiefs,45,5.0,,2015,,Kansas City Chiefs,Detroit Lions,1,0,1,1,8,0.285714285714,0.142857142857,0.285714285714,0.142857142857,0.5625,0.6875,5.0,2015,11,1,7,1,0.66836,0.66836,0.33164
2015-11-01,Tampa Bay Buccaneers,23,Atlanta Falcons,20,7.0,,2015,,Atlanta Falcons,Tampa Bay Buccaneers,1,1,0,0,8,0.857142857143,0.428571428571,0.857142857143,0.428571428571,0.375,0.125,7.0,2015,11,1,7,1,0.8098,0.8098,0.1902
2015-11-01,Arizona Cardinals,34,Cleveland Browns,20,-5.0,,2015,,Arizona Cardinals,Cleveland Browns,0,0,0,1,8,0.285714285714,0.714285714286,0.714285714286,0.285714285714,0.6875,0.4375,5.0,2015,11,1,7,1,0.68451,0.68451,0.31549
2015-11-01,San Francisco 49ers,6,Los Angeles Rams,27,8.5,,2015,,Los Angeles Rams,San Francisco 49ers,1,1,1,1,8,0.571428571429,0.285714285714,0.571428571429,0.285714285714,0.375,0.5,8.5,2015,11,1,7,1,0.84058,0.84058,0.15942
2015-11-01,New York Giants,49,New Orleans Saints,52,3.0,,2015,,New Orleans Saints,New York Giants,1,0,1,1,8,0.428571428571,0.571428571429,0.428571428571,0.571428571429,0.4375,0.375,3.0,2015,11,1,7,1,0.5166,0.5166,0.4834
2015-11-01,Minnesota Vikings,23,Chicago Bears,20,-1.0,,2015,,Minnesota Vikings,Chicago Bears,0,1,0,1,8,0.285714285714,0.714285714286,0.714285714286,0.285714285714,0.4375,0.3125,1.0,2015,11,1,7,1,0.5625,0.5625,0.4375
2015-11-01,San Diego Chargers,26,Baltimore Ravens,29,3.0,,2015,,Baltimore Ravens,San Diego Chargers,1,0,1,1,8,0.142857142857,0.285714285714,0.142857142857,0.285714285714,0.625,0.5625,3.0,2015,11,1,7,1,0.51193,0.51193,0.48807
2015-11-01,Cincinnati Bengals,16,Pittsburgh Steelers,10,0.1,,2015,,Pittsburgh Steelers,Cincinnati Bengals,1,1,0,0,8,0.571428571429,1.0,0.571428571429,1.0,0.6875,0.625,0.1,2015,11,1,7,0,0.56898,0.43102,0.56898
2015-11-01,Tennessee Titans,6,Houston Texans,20,3.5,,2015,,Houston Texans,Tennessee Titans,1,1,1,1,8,0.285714285714,0.142857142857,0.285714285714,0.142857142857,0.5625,0.125,3.5,2015,11,1,7,1,0.60908,0.60908,0.39092
2015-11-01,New York Jets,20,Oakland Raiders,34,-2.0,,2015,,New York Jets,Oakland Raiders,0,0,1,0,8,0.571428571429,0.571428571429,0.571428571429,0.571428571429,0.25,0.1875,2.0,2015,11,1,7,0,0.55151,0.44849,0.55151
2015-11-01,Seattle Seahawks,13,Dallas Cowboys,12,-6.0,,2015,,Seattle Seahawks,Dallas Cowboys,0,0,0,1,8,0.285714285714,0.428571428571,0.428571428571,0.285714285714,0.75,0.75,6.0,2015,11,1,7,1,0.68408,0.68408,0.31592
2015-11-01,Green Bay Packers,10,Denver Broncos,29,-3.0,,2015,,Green Bay Packers,Denver Broncos,0,0,1,0,8,1.0,0.857142857143,0.857142857143,1.0,0.75,0.75,3.0,2015,11,1,7,1,0.54452,0.54452,0.45548
2015-11-02,Indianapolis Colts,26,Carolina Panthers,29,7.0,,2015,,Carolina Panthers,Indianapolis Colts,1,0,1,1,8,1.0,0.428571428571,1.0,0.428571428571,0.4375,0.6875,7.0,2015,11,2,1,1,0.8311,0.8311,0.1689
2015-11-05,Cleveland Browns,10,Cincinnati Bengals,31,11.5,,2015,,Cincinnati Bengals,Cleveland Browns,1,1,1,1,9,1.0,0.25,1.0,0.25,0.625,0.4375,11.5,2015,11,5,4,1,0.93329,0.93329,0.06671
2015-11-08,Green Bay Packers,29,Carolina Panthers,37,-2.5,,2015,,Green Bay Packers,Carolina Panthers,0,0,1,0,9,1.0,0.75,0.75,1.0,0.75,0.4375,2.5,2015,11,8,7,0,0.53627,0.46373,0.53627
2015-11-08,Washington Redskins,10,New England Patriots,27,14.0,,2015,,New England Patriots,Washington Redskins,1,0,1,1,9,1.0,0.375,1.0,0.375,0.75,0.25,14.0,2015,11,8,7,1,0.93615,0.93615,0.06385
2015-11-08,Tennessee Titans,34,New Orleans Saints,28,8.0,,2015,,New Orleans Saints,Tennessee Titans,1,0,0,0,9,0.5,0.25,0.5,0.25,0.4375,0.125,8.0,2015,11,8,7,1,0.75971,0.75971,0.24029
2015-11-08,Miami Dolphins,17,Buffalo Bills,33,3.0,,2015,,Buffalo Bills,Miami Dolphins,1,1,1,1,9,0.5,0.375,0.5,0.375,0.5625,0.5,3.0,2015,11,8,7,1,0.63617,0.63617,0.36383
2015-11-08,Los Angeles Rams,18,Minnesota Vikings,21,2.0,,2015,,Minnesota Vikings,Los Angeles Rams,1,0,1,1,9,0.75,0.5,0.75,0.5,0.4375,0.375,2.0,2015,11,8,7,1,0.56947,0.56947,0.43053
2015-11-08,Jacksonville Jaguars,23,New York Jets,28,7.5,,2015,,New York Jets,Jacksonville Jaguars,1,0,1,1,9,0.625,0.25,0.625,0.25,0.25,0.1875,7.5,2015,11,8,7,1,0.77193,0.77193,0.22807
2015-11-08,Oakland Raiders,35,Pittsburgh Steelers,38,4.5,,2015,,Pittsburgh Steelers,Oakland Raiders,1,0,1,1,9,0.5,0.5,0.5,0.5,0.6875,0.1875,4.5,2015,11,8,7,1,0.59421,0.59421,0.40579
2015-11-08,New York Giants,32,Tampa Bay Buccaneers,18,-2.5,,2015,,New York Giants,Tampa Bay Buccaneers,0,0,0,1,9,0.375,0.5,0.5,0.375,0.375,0.125,2.5,2015,11,8,7,0,0.51926,0.48074,0.51926
2015-11-08,Atlanta Falcons,16,San Francisco 49ers,17,-7.0,,2015,,Atlanta Falcons,San Francisco 49ers,0,0,1,0,9,0.25,0.75,0.75,0.25,0.375,0.5,7.0,2015,11,8,7,1,0.77058,0.77058,0.22942
2015-11-08,Denver Broncos,24,Indianapolis Colts,27,-5.0,,2015,,Denver Broncos,Indianapolis Colts,0,0,1,0,9,0.375,0.875,0.875,0.375,0.75,0.6875,5.0,2015,11,8,7,1,0.72628,0.72628,0.27372
2015-11-08,Philadelphia Eagles,33,Dallas Cowboys,27,-2.5,,2015,,Philadelphia Eagles,Dallas Cowboys,0,1,0,1,9,0.25,0.5,0.5,0.25,0.625,0.75,2.5,2015,11,8,7,1,0.61918,0.61918,0.38082
2015-11-09,Chicago Bears,22,San Diego Chargers,19,4.0,,2015,,San Diego Chargers,Chicago Bears,1,0,0,0,9,0.25,0.375,0.25,0.375,0.5625,0.3125,4.0,2015,11,9,1,1,0.54269,0.54269,0.45731
2015-11-12,Buffalo Bills,22,New York Jets,17,2.5,,2015,,New York Jets,Buffalo Bills,1,1,0,0,10,0.555555555556,0.555555555556,0.555555555556,0.555555555556,0.25,0.5625,2.5,2015,11,12,4,1,0.60391,0.60391,0.39609
2015-11-15,Detroit Lions,18,Green Bay Packers,16,11.5,,2015,,Green Bay Packers,Detroit Lions,1,1,0,0,10,0.666666666667,0.222222222222,0.666666666667,0.222222222222,0.75,0.6875,11.5,2015,11,15,7,1,0.91728,0.91728,0.08272
2015-11-15,Dallas Cowboys,6,Tampa Bay Buccaneers,10,1.5,,2015,,Tampa Bay Buccaneers,Dallas Cowboys,1,0,1,1,10,0.444444444444,0.222222222222,0.444444444444,0.222222222222,0.125,0.75,1.5,2015,11,15,7,1,0.5546,0.5546,0.4454
2015-11-15,Carolina Panthers,27,Tennessee Titans,10,-5.5,,2015,,Carolina Panthers,Tennessee Titans,0,0,0,1,10,0.222222222222,1.0,1.0,0.222222222222,0.4375,0.125,5.5,2015,11,15,7,1,0.74711,0.74711,0.25289
2015-11-15,Chicago Bears,37,Los Angeles Rams,13,7.0,,2015,,Los Angeles Rams,Chicago Bears,1,0,0,0,10,0.444444444444,0.444444444444,0.444444444444,0.444444444444,0.375,0.3125,7.0,2015,11,15,7,1,0.70038,0.70038,0.29962
2015-11-15,New Orleans Saints,14,Washington Redskins,47,-1.0,,2015,,New Orleans Saints,Washington Redskins,0,0,1,0,10,0.444444444444,0.444444444444,0.444444444444,0.444444444444,0.4375,0.25,1.0,2015,11,15,7,0,0.59875,0.40125,0.59875
2015-11-15,Miami Dolphins,20,Philadelphia Eagles,19,6.5,,2015,,Philadelphia Eagles,Miami Dolphins,1,0,0,0,10,0.444444444444,0.444444444444,0.444444444444,0.444444444444,0.625,0.5,6.5,2015,11,15,7,1,0.69751,0.69751,0.30249
2015-11-15,Cleveland Browns,9,Pittsburgh Steelers,30,4.5,,2015,,Pittsburgh Steelers,Cleveland Browns,1,1,1,1,10,0.555555555556,0.222222222222,0.555555555556,0.222222222222,0.6875,0.4375,4.5,2015,11,15,7,1,0.72417,0.72417,0.27583
2015-11-15,Jacksonville Jaguars,22,Baltimore Ravens,20,5.5,,2015,,Baltimore Ravens,Jacksonville Jaguars,1,0,0,0,10,0.222222222222,0.333333333333,0.222222222222,0.333333333333,0.625,0.1875,5.5,2015,11,15,7,1,0.59504,0.59504,0.40496
2015-11-15,Minnesota Vikings,30,Oakland Raiders,14,3.0,,2015,,Oakland Raiders,Minnesota Vikings,1,0,0,0,10,0.444444444444,0.777777777778,0.444444444444,0.777777777778,0.1875,0.4375,3.0,2015,11,15,7,0,0.51108,0.48892,0.51108
2015-11-15,New England Patriots,27,New York Giants,26,-7.0,,2015,,New England Patriots,New York Giants,0,0,0,1,10,0.555555555556,1.0,1.0,0.555555555556,0.75,0.375,7.0,2015,11,15,7,1,0.76894,0.76894,0.23106
2015-11-15,Kansas City Chiefs,29,Denver Broncos,13,6.0,,2015,,Denver Broncos,Kansas City Chiefs,1,1,0,0,10,0.777777777778,0.444444444444,0.777777777778,0.444444444444,0.75,0.5625,6.0,2015,11,15,7,1,0.79397,0.79397,0.20603
2015-11-15,Arizona Cardinals,39,Seattle Seahawks,32,3.0,,2015,,Seattle Seahawks,Arizona Cardinals,1,1,0,0,10,0.444444444444,0.777777777778,0.444444444444,0.777777777778,0.75,0.6875,3.0,2015,11,15,7,1,0.56974,0.56974,0.43026
2015-11-16,Houston Texans,10,Cincinnati Bengals,6,10.5,,2015,,Cincinnati Bengals,Houston Texans,1,0,0,0,10,0.888888888889,0.444444444444,0.888888888889,0.444444444444,0.625,0.5625,10.5,2015,11,16,1,1,0.88361,0.88361,0.11639
2015-11-19,Tennessee Titans,13,Jacksonville Jaguars,19,3.0,,2015,,Jacksonville Jaguars,Tennessee Titans,1,1,1,1,11,0.4,0.2,0.4,0.2,0.1875,0.125,3.0,2015,11,19,4,1,0.60616,0.60616,0.39384
2015-11-22,Oakland Raiders,13,Detroit Lions,18,-1.5,,2015,,Oakland Raiders,Detroit Lions,0,0,1,0,11,0.3,0.4,0.4,0.3,0.1875,0.6875,1.5,2015,11,22,7,0,0.5209,0.4791,0.5209
2015-11-22,Indianapolis Colts,24,Atlanta Falcons,21,6.0,,2015,,Atlanta Falcons,Indianapolis Colts,1,0,0,0,11,0.6,0.5,0.6,0.5,0.375,0.6875,6.0,2015,11,22,7,1,0.7198,0.7198,0.2802
2015-11-22,New York Jets,17,Houston Texans,24,-2.5,,2015,,New York Jets,Houston Texans,0,0,1,0,11,0.5,0.5,0.5,0.5,0.25,0.5625,2.5,2015,11,22,7,1,0.50053,0.50053,0.49947
2015-11-22,Tampa Bay Buccaneers,45,Philadelphia Eagles,17,5.5,,2015,,Philadelphia Eagles,Tampa Bay Buccaneers,1,0,0,0,11,0.4,0.5,0.4,0.5,0.625,0.125,5.5,2015,11,22,7,1,0.60466,0.60466,0.39534
2015-11-22,Denver Broncos,17,Chicago Bears,15,1.0,,2015,,Chicago Bears,Denver Broncos,1,0,0,0,11,0.4,0.8,0.4,0.8,0.3125,0.75,1.0,2015,11,22,7,0,0.58307,0.41693,0.58307
2015-11-22,Green Bay Packers,30,Minnesota Vikings,13,1.0,,2015,,Minnesota Vikings,Green Bay Packers,1,1,0,0,11,0.7,0.7,0.7,0.7,0.4375,0.75,1.0,2015,11,22,7,1,0.56924,0.56924,0.43076
2015-11-22,Los Angeles Rams,13,Baltimore Ravens,16,2.5,,2015,,Baltimore Ravens,Los Angeles Rams,1,0,1,1,11,0.3,0.4,0.3,0.4,0.625,0.375,2.5,2015,11,22,7,0,0.50862,0.49138,0.50862
2015-11-22,Dallas Cowboys,24,Miami Dolphins,14,0.1,,2015,,Miami Dolphins,Dallas Cowboys,1,0,0,0,11,0.4,0.3,0.4,0.3,0.5,0.75,0.1,2015,11,22,7,0,0.53239,0.46761,0.53239
2015-11-22,Washington Redskins,16,Carolina Panthers,44,7.0,,2015,,Carolina Panthers,Washington Redskins,1,0,1,1,11,1.0,0.4,1.0,0.4,0.4375,0.25,7.0,2015,11,22,7,1,0.80833,0.80833,0.19167
2015-11-22,Cincinnati Bengals,31,Arizona Cardinals,34,5.0,,2015,,Arizona Cardinals,Cincinnati Bengals,1,0,1,1,11,0.8,0.8,0.8,0.8,0.6875,0.625,5.0,2015,11,22,7,1,0.67615,0.67615,0.32385
2015-11-22,San Francisco 49ers,13,Seattle Seahawks,29,12.5,,2015,,Seattle Seahawks,San Francisco 49ers,1,1,1,1,11,0.5,0.3,0.5,0.3,0.75,0.5,12.5,2015,11,22,7,1,0.90677,0.90677,0.09323
2015-11-22,Kansas City Chiefs,33,San Diego Chargers,3,-3.0,,2015,,Kansas City Chiefs,San Diego Chargers,0,1,0,1,11,0.2,0.5,0.5,0.2,0.5625,0.5625,3.0,2015,11,22,7,1,0.63046,0.63046,0.36954
2015-11-23,Buffalo Bills,13,New England Patriots,20,7.0,,2015,,New England Patriots,Buffalo Bills,1,1,1,1,11,1.0,0.5,1.0,0.5,0.75,0.5625,7.0,2015,11,23,1,1,0.84763,0.84763,0.15237
2015-11-26,Philadelphia Eagles,14,Detroit Lions,45,1.0,,2015,,Detroit Lions,Philadelphia Eagles,1,0,1,1,12,0.363636363636,0.363636363636,0.363636363636,0.363636363636,0.6875,0.625,1.0,2015,11,26,4,0,0.52661,0.47339,0.52661
2015-11-26,Carolina Panthers,33,Dallas Cowboys,14,-1.0,,2015,,Carolina Panthers,Dallas Cowboys,0,0,0,1,12,0.272727272727,1.0,1.0,0.272727272727,0.4375,0.75,1.0,2015,11,26,4,1,0.62302,0.62302,0.37698
2015-11-26,Chicago Bears,17,Green Bay Packers,13,9.0,,2015,,Green Bay Packers,Chicago Bears,1,1,0,0,12,0.636363636364,0.454545454545,0.636363636364,0.454545454545,0.75,0.3125,9.0,2015,11,26,4,1,0.83455,0.83455,0.16545
2015-11-29,New Orleans Saints,6,Houston Texans,24,3.0,,2015,,Houston Texans,New Orleans Saints,1,0,1,1,12,0.545454545455,0.363636363636,0.545454545455,0.363636363636,0.5625,0.4375,3.0,2015,11,29,7,1,0.58922,0.58922,0.41078
2015-11-29,Los Angeles Rams,7,Cincinnati Bengals,31,9.0,,2015,,Cincinnati Bengals,Los Angeles Rams,1,0,1,1,12,0.818181818182,0.363636363636,0.818181818182,0.363636363636,0.625,0.375,9.0,2015,11,29,7,1,0.842,0.842,0.158
2015-11-29,Minnesota Vikings,20,Atlanta Falcons,10,2.0,,2015,,Atlanta Falcons,Minnesota Vikings,1,0,0,0,12,0.545454545455,0.727272727273,0.545454545455,0.727272727273,0.375,0.4375,2.0,2015,11,29,7,0,0.51963,0.48037,0.51963
2015-11-29,New York Giants,14,Washington Redskins,20,-2.5,,2015,,New York Giants,Washington Redskins,0,1,1,0,12,0.454545454545,0.454545454545,0.454545454545,0.454545454545,0.375,0.25,2.5,2015,11,29,7,1,0.52251,0.52251,0.47749
2015-11-29,Tampa Bay Buccaneers,12,Indianapolis Colts,25,3.0,,2015,,Indianapolis Colts,Tampa Bay Buccaneers,1,0,1,1,12,0.545454545455,0.454545454545,0.545454545455,0.454545454545,0.6875,0.125,3.0,2015,11,29,7,1,0.54289,0.54289,0.45711
2015-11-29,Buffalo Bills,22,Kansas City Chiefs,30,5.5,,2015,,Kansas City Chiefs,Buffalo Bills,1,0,1,1,12,0.545454545455,0.454545454545,0.545454545455,0.454545454545,0.5625,0.5625,5.5,2015,11,29,7,1,0.68603,0.68603,0.31397
2015-11-29,Oakland Raiders,24,Tennessee Titans,21,-2.0,,2015,,Oakland Raiders,Tennessee Titans,0,0,0,1,12,0.181818181818,0.454545454545,0.454545454545,0.181818181818,0.1875,0.125,2.0,2015,11,29,7,0,0.51877,0.48123,0.51877
2015-11-29,San Diego Chargers,31,Jacksonville Jaguars,25,4.0,,2015,,Jacksonville Jaguars,San Diego Chargers,1,0,0,0,12,0.363636363636,0.272727272727,0.363636363636,0.272727272727,0.1875,0.5625,4.0,2015,11,29,7,1,0.61298,0.61298,0.38702
2015-11-29,Miami Dolphins,20,New York Jets,38,3.5,,2015,,New York Jets,Miami Dolphins,1,1,1,1,12,0.545454545455,0.363636363636,0.545454545455,0.363636363636,0.25,0.5,3.5,2015,11,29,7,1,0.66799,0.66799,0.33201
2015-11-29,Arizona Cardinals,19,San Francisco 49ers,13,-10.5,,2015,,Arizona Cardinals,San Francisco 49ers,0,1,0,1,12,0.272727272727,0.818181818182,0.818181818182,0.272727272727,0.6875,0.5,10.5,2015,11,29,7,1,0.89122,0.89122,0.10878
2015-11-29,Pittsburgh Steelers,30,Seattle Seahawks,39,4.0,,2015,,Seattle Seahawks,Pittsburgh Steelers,1,0,1,1,12,0.545454545455,0.545454545455,0.545454545455,0.545454545455,0.75,0.6875,4.0,2015,11,29,7,1,0.62299,0.62299,0.37701
2015-11-29,New England Patriots,24,Denver Broncos,30,-3.0,,2015,,New England Patriots,Denver Broncos,0,0,1,0,12,0.818181818182,0.909090909091,0.909090909091,0.818181818182,0.75,0.75,3.0,2015,11,29,7,1,0.58934,0.58934,0.41066
2015-11-30,Baltimore Ravens,33,Cleveland Browns,27,2.5,,2015,,Cleveland Browns,Baltimore Ravens,1,1,0,0,12,0.181818181818,0.363636363636,0.181818181818,0.363636363636,0.4375,0.625,2.5,2015,11,30,1,1,0.54772,0.54772,0.45228
2015-12-03,Green Bay Packers,27,Detroit Lions,23,-3.0,,2015,,Green Bay Packers,Detroit Lions,0,1,0,1,13,0.333333333333,0.666666666667,0.666666666667,0.333333333333,0.75,0.6875,3.0,2015,12,3,4,1,0.65919,0.65919,0.34081
2015-12-06,New York Jets,23,New York Giants,20,-2.0,,2015,,New York Jets,New York Giants,0,0,0,1,13,0.416666666667,0.583333333333,0.583333333333,0.416666666667,0.25,0.375,2.0,2015,12,6,7,0,0.50328,0.49672,0.50328
2015-12-06,Arizona Cardinals,27,Los Angeles Rams,3,-5.5,,2015,,Arizona Cardinals,Los Angeles Rams,0,1,0,1,13,0.333333333333,0.833333333333,0.833333333333,0.333333333333,0.6875,0.375,5.5,2015,12,6,7,1,0.75943,0.75943,0.24057
2015-12-06,Atlanta Falcons,19,Tampa Bay Buccaneers,23,2.0,,2015,,Tampa Bay Buccaneers,Atlanta Falcons,1,1,1,1,13,0.5,0.5,0.5,0.5,0.125,0.375,2.0,2015,12,6,7,1,0.55959,0.55959,0.44041
2015-12-06,Carolina Panthers,41,New Orleans Saints,38,-7.0,,2015,,Carolina Panthers,New Orleans Saints,0,1,0,1,13,0.333333333333,1.0,1.0,0.333333333333,0.4375,0.4375,7.0,2015,12,6,7,1,0.83363,0.83363,0.16637
2015-12-06,Seattle Seahawks,38,Minnesota Vikings,7,0.1,,2015,,Minnesota Vikings,Seattle Seahawks,1,0,0,0,13,0.666666666667,0.583333333333,0.666666666667,0.583333333333,0.4375,0.75,0.1,2015,12,6,7,0,0.51438,0.48562,0.51438
2015-12-06,Houston Texans,21,Buffalo Bills,30,3.0,,2015,,Buffalo Bills,Houston Texans,1,0,1,1,13,0.5,0.5,0.5,0.5,0.5625,0.5625,3.0,2015,12,6,7,1,0.56517,0.56517,0.43483
2015-12-06,Baltimore Ravens,13,Miami Dolphins,15,4.0,,2015,,Miami Dolphins,Baltimore Ravens,1,0,1,1,13,0.416666666667,0.333333333333,0.416666666667,0.333333333333,0.5,0.625,4.0,2015,12,6,7,1,0.62136,0.62136,0.37864
2015-12-06,Cincinnati Bengals,37,Cleveland Browns,3,-9.5,,2015,,Cincinnati Bengals,Cleveland Browns,0,1,0,1,13,0.166666666667,0.833333333333,0.833333333333,0.166666666667,0.625,0.4375,9.5,2015,12,6,7,1,0.88032,0.88032,0.11968
2015-12-06,Jacksonville Jaguars,39,Tennessee Titans,42,2.5,,2015,,Tennessee Titans,Jacksonville Jaguars,1,1,1,1,13,0.25,0.333333333333,0.25,0.333333333333,0.125,0.1875,2.5,2015,12,6,7,1,0.52794,0.52794,0.47206
2015-12-06,San Francisco 49ers,26,Chicago Bears,20,7.0,,2015,,Chicago Bears,San Francisco 49ers,1,0,0,0,13,0.416666666667,0.333333333333,0.416666666667,0.333333333333,0.3125,0.5,7.0,2015,12,6,7,1,0.72539,0.72539,0.27461
2015-12-06,Denver Broncos,17,San Diego Chargers,3,-4.0,,2015,,Denver Broncos,San Diego Chargers,0,1,0,1,13,0.25,0.833333333333,0.833333333333,0.25,0.75,0.5625,4.0,2015,12,6,7,1,0.7352,0.7352,0.2648
2015-12-06,Kansas City Chiefs,34,Oakland Raiders,20,-3.0,,2015,,Kansas City Chiefs,Oakland Raiders,0,1,0,1,13,0.416666666667,0.583333333333,0.583333333333,0.416666666667,0.5625,0.1875,3.0,2015,12,6,7,1,0.57809,0.57809,0.42191
2015-12-06,Philadelphia Eagles,35,New England Patriots,28,9.5,,2015,,New England Patriots,Philadelphia Eagles,1,0,0,0,13,0.833333333333,0.416666666667,0.833333333333,0.416666666667,0.75,0.625,9.5,2015,12,6,7,1,0.86242,0.86242,0.13758
2015-12-06,Indianapolis Colts,10,Pittsburgh Steelers,45,6.5,,2015,,Pittsburgh Steelers,Indianapolis Colts,1,0,1,1,13,0.583333333333,0.5,0.583333333333,0.5,0.6875,0.6875,6.5,2015,12,6,7,1,0.73336,0.73336,0.26664
2015-12-07,Dallas Cowboys,19,Washington Redskins,16,4.0,,2015,,Washington Redskins,Dallas Cowboys,1,1,0,0,13,0.416666666667,0.333333333333,0.416666666667,0.333333333333,0.25,0.75,4.0,2015,12,7,1,1,0.68368,0.68368,0.31632
2015-12-10,Minnesota Vikings,20,Arizona Cardinals,23,11.0,,2015,,Arizona Cardinals,Minnesota Vikings,1,0,1,1,14,0.846153846154,0.615384615385,0.846153846154,0.615384615385,0.6875,0.4375,11.0,2015,12,10,4,1,0.86905,0.86905,0.13095
2015-12-13,Buffalo Bills,20,Philadelphia Eagles,23,-1.5,,2015,,Buffalo Bills,Philadelphia Eagles,0,0,1,0,14,0.461538461538,0.461538461538,0.461538461538,0.461538461538,0.5625,0.625,1.5,2015,12,13,7,0,0.54081,0.45919,0.54081
2015-12-13,San Francisco 49ers,10,Cleveland Browns,24,1.5,,2015,,Cleveland Browns,San Francisco 49ers,1,0,1,1,14,0.230769230769,0.307692307692,0.230769230769,0.307692307692,0.4375,0.5,1.5,2015,12,13,7,0,0.54219,0.45781,0.54219
2015-12-13,Detroit Lions,14,Los Angeles Rams,21,-2.5,,2015,,Detroit Lions,Los Angeles Rams,0,0,1,0,14,0.384615384615,0.307692307692,0.307692307692,0.384615384615,0.6875,0.375,2.5,2015,12,13,7,0,0.54795,0.45205,0.54795
2015-12-13,New Orleans Saints,24,Tampa Bay Buccaneers,17,4.0,,2015,,Tampa Bay Buccaneers,New Orleans Saints,1,1,0,0,14,0.461538461538,0.384615384615,0.461538461538,0.384615384615,0.125,0.4375,4.0,2015,12,13,7,1,0.65852,0.65852,0.34148
2015-12-13,Tennessee Titans,8,New York Jets,30,7.0,,2015,,New York Jets,Tennessee Titans,1,0,1,1,14,0.615384615385,0.230769230769,0.615384615385,0.230769230769,0.25,0.125,7.0,2015,12,13,7,1,0.75139,0.75139,0.24861
2015-12-13,Pittsburgh Steelers,33,Cincinnati Bengals,20,3.0,,2015,,Cincinnati Bengals,Pittsburgh Steelers,1,1,0,0,14,0.769230769231,0.615384615385,0.769230769231,0.615384615385,0.625,0.6875,3.0,2015,12,13,7,1,0.67606,0.67606,0.32394
2015-12-13,New England Patriots,27,Houston Texans,6,-3.0,,2015,,New England Patriots,Houston Texans,0,0,0,1,14,0.461538461538,0.846153846154,0.846153846154,0.461538461538,0.75,0.5625,3.0,2015,12,13,7,1,0.61738,0.61738,0.38262
2015-12-13,Indianapolis Colts,16,Jacksonville Jaguars,51,1.0,,2015,,Jacksonville Jaguars,Indianapolis Colts,1,1,1,1,14,0.384615384615,0.461538461538,0.384615384615,0.461538461538,0.1875,0.6875,1.0,2015,12,13,7,1,0.52326,0.52326,0.47674
2015-12-13,San Diego Chargers,3,Kansas City Chiefs,10,10.0,,2015,,Kansas City Chiefs,San Diego Chargers,1,1,1,1,14,0.615384615385,0.230769230769,0.615384615385,0.230769230769,0.5625,0.5625,10.0,2015,12,13,7,1,0.88391,0.88391,0.11609
2015-12-13,Washington Redskins,24,Chicago Bears,21,3.0,,2015,,Chicago Bears,Washington Redskins,1,0,0,0,14,0.384615384615,0.461538461538,0.384615384615,0.461538461538,0.3125,0.25,3.0,2015,12,13,7,1,0.51123,0.51123,0.48877
2015-12-13,Atlanta Falcons,0,Carolina Panthers,38,7.5,,2015,,Carolina Panthers,Atlanta Falcons,1,1,1,1,14,1.0,0.461538461538,1.0,0.461538461538,0.4375,0.375,7.5,2015,12,13,7,1,0.85255,0.85255,0.14745
2015-12-13,Oakland Raiders,15,Denver Broncos,12,7.5,,2015,,Denver Broncos,Oakland Raiders,1,1,0,0,14,0.769230769231,0.461538461538,0.769230769231,0.461538461538,0.75,0.1875,7.5,2015,12,13,7,1,0.80829,0.80829,0.19171
2015-12-13,Dallas Cowboys,7,Green Bay Packers,28,7.0,,2015,,Green Bay Packers,Dallas Cowboys,1,0,1,1,14,0.692307692308,0.307692307692,0.692307692308,0.307692307692,0.75,0.75,7.0,2015,12,13,7,1,0.79851,0.79851,0.20149
2015-12-13,Seattle Seahawks,35,Baltimore Ravens,6,-9.0,,2015,,Seattle Seahawks,Baltimore Ravens,0,0,0,1,14,0.307692307692,0.615384615385,0.615384615385,0.307692307692,0.75,0.625,9.0,2015,12,13,7,1,0.80582,0.80582,0.19418
2015-12-14,New York Giants,31,Miami Dolphins,24,-1.0,,2015,,New York Giants,Miami Dolphins,0,0,0,1,14,0.384615384615,0.461538461538,0.461538461538,0.384615384615,0.375,0.5,1.0,2015,12,14,1,0,0.56084,0.43916,0.56084
2015-12-17,Tampa Bay Buccaneers,23,Los Angeles Rams,31,1.5,,2015,,Los Angeles Rams,Tampa Bay Buccaneers,1,0,1,1,15,0.428571428571,0.428571428571,0.428571428571,0.428571428571,0.375,0.125,1.5,2015,12,17,4,0,0.54927,0.45073,0.54927
2015-12-19,New York Jets,19,Dallas Cowboys,16,-3.0,,2015,,New York Jets,Dallas Cowboys,0,0,0,1,15,0.285714285714,0.642857142857,0.642857142857,0.285714285714,0.25,0.75,3.0,2015,12,19,6,1,0.61421,0.61421,0.38579
2015-12-20,Chicago Bears,17,Minnesota Vikings,38,5.5,,2015,,Minnesota Vikings,Chicago Bears,1,1,1,1,15,0.642857142857,0.357142857143,0.642857142857,0.357142857143,0.4375,0.3125,5.5,2015,12,20,7,1,0.74645,0.74645,0.25355
2015-12-20,Atlanta Falcons,23,Jacksonville Jaguars,17,3.5,,2015,,Jacksonville Jaguars,Atlanta Falcons,1,0,0,0,15,0.357142857143,0.5,0.357142857143,0.5,0.1875,0.375,3.5,2015,12,20,7,1,0.5309,0.5309,0.4691
2015-12-20,Houston Texans,16,Indianapolis Colts,10,0.1,,2015,,Indianapolis Colts,Houston Texans,1,1,0,0,15,0.428571428571,0.5,0.428571428571,0.5,0.6875,0.5625,0.1,2015,12,20,7,0,0.524,0.476,0.524
2015-12-20,Arizona Cardinals,40,Philadelphia Eagles,17,-3.5,,2015,,Arizona Cardinals,Philadelphia Eagles,0,0,0,1,15,0.428571428571,0.857142857143,0.857142857143,0.428571428571,0.6875,0.625,3.5,2015,12,20,7,1,0.65136,0.65136,0.34864
2015-12-20,Carolina Panthers,38,New York Giants,35,-5.0,,2015,,Carolina Panthers,New York Giants,0,0,0,1,15,0.428571428571,1.0,1.0,0.428571428571,0.4375,0.375,5.0,2015,12,20,7,1,0.71894,0.71894,0.28106
2015-12-20,Tennessee Titans,16,New England Patriots,33,14.0,,2015,,New England Patriots,Tennessee Titans,1,0,1,1,15,0.857142857143,0.214285714286,0.857142857143,0.214285714286,0.75,0.125,14.0,2015,12,20,7,1,0.93066,0.93066,0.06934
2015-12-20,Buffalo Bills,25,Washington Redskins,35,-1.0,,2015,,Buffalo Bills,Washington Redskins,0,0,1,0,15,0.5,0.428571428571,0.428571428571,0.5,0.5625,0.25,1.0,2015,12,20,7,0,0.61352,0.38648,0.61352
2015-12-20,Kansas City Chiefs,34,Baltimore Ravens,14,-7.5,,2015,,Kansas City Chiefs,Baltimore Ravens,0,0,0,1,15,0.285714285714,0.642857142857,0.642857142857,0.285714285714,0.5625,0.625,7.5,2015,12,20,7,1,0.76925,0.76925,0.23075
2015-12-20,Cleveland Browns,13,Seattle Seahawks,30,14.5,,2015,,Seattle Seahawks,Cleveland Browns,1,0,1,1,15,0.642857142857,0.214285714286,0.642857142857,0.214285714286,0.75,0.4375,14.5,2015,12,20,7,1,0.92972,0.92972,0.07028
2015-12-20,Green Bay Packers,30,Oakland Raiders,20,-3.0,,2015,,Green Bay Packers,Oakland Raiders,0,0,0,1,15,0.428571428571,0.714285714286,0.714285714286,0.428571428571,0.75,0.1875,3.0,2015,12,20,7,1,0.55367,0.55367,0.44633
2015-12-20,Denver Broncos,27,Pittsburgh Steelers,34,6.0,,2015,,Pittsburgh Steelers,Denver Broncos,1,0,1,1,15,0.642857142857,0.714285714286,0.642857142857,0.714285714286,0.6875,0.75,6.0,2015,12,20,7,1,0.70134,0.70134,0.29866
2015-12-20,Miami Dolphins,14,San Diego Chargers,30,1.5,,2015,,San Diego Chargers,Miami Dolphins,1,0,1,1,15,0.285714285714,0.357142857143,0.285714285714,0.357142857143,0.5625,0.5,1.5,2015,12,20,7,0,0.537,0.463,0.537
2015-12-20,Cincinnati Bengals,24,San Francisco 49ers,14,-4.5,,2015,,Cincinnati Bengals,San Francisco 49ers,0,0,0,1,15,0.285714285714,0.785714285714,0.785714285714,0.285714285714,0.625,0.5,4.5,2015,12,20,7,1,0.68561,0.68561,0.31439
2015-12-21,Detroit Lions,35,New Orleans Saints,27,3.0,,2015,,New Orleans Saints,Detroit Lions,1,0,0,0,15,0.357142857143,0.357142857143,0.357142857143,0.357142857143,0.4375,0.6875,3.0,2015,12,21,1,1,0.56537,0.56537,0.43463
2015-12-24,San Diego Chargers,20,Oakland Raiders,23,5.5,,2015,,Oakland Raiders,San Diego Chargers,1,1,1,1,16,0.466666666667,0.266666666667,0.466666666667,0.266666666667,0.1875,0.5625,5.5,2015,12,24,4,1,0.74223,0.74223,0.25777
2015-12-26,Washington Redskins,38,Philadelphia Eagles,24,3.0,,2015,,Philadelphia Eagles,Washington Redskins,1,1,0,0,16,0.4,0.533333333333,0.4,0.533333333333,0.625,0.25,3.0,2015,12,26,6,1,0.55815,0.55815,0.44185
2015-12-27,New England Patriots,20,New York Jets,26,-3.0,,2015,,New England Patriots,New York Jets,0,1,1,0,16,0.666666666667,0.8,0.8,0.666666666667,0.75,0.25,3.0,2015,12,27,7,1,0.59451,0.59451,0.40549
2015-12-27,Houston Texans,34,Tennessee Titans,6,4.5,,2015,,Tennessee Titans,Houston Texans,1,1,0,0,16,0.2,0.533333333333,0.2,0.533333333333,0.125,0.5625,4.5,2015,12,27,7,1,0.6008,0.6008,0.3992
2015-12-27,Cleveland Browns,13,Kansas City Chiefs,17,12.5,,2015,,Kansas City Chiefs,Cleveland Browns,1,0,1,1,16,0.666666666667,0.2,0.666666666667,0.2,0.5625,0.4375,12.5,2015,12,27,7,1,0.90606,0.90606,0.09394
2015-12-27,Indianapolis Colts,18,Miami Dolphins,12,1.5,,2015,,Miami Dolphins,Indianapolis Colts,1,0,0,0,16,0.333333333333,0.466666666667,0.333333333333,0.466666666667,0.5,0.6875,1.5,2015,12,27,7,0,0.52626,0.47374,0.52626
2015-12-27,Jacksonville Jaguars,27,New Orleans Saints,38,3.5,,2015,,New Orleans Saints,Jacksonville Jaguars,1,0,1,1,16,0.4,0.333333333333,0.4,0.333333333333,0.4375,0.1875,3.5,2015,12,27,7,1,0.55361,0.55361,0.44639
2015-12-27,San Francisco 49ers,17,Detroit Lions,32,9.0,,2015,,Detroit Lions,San Francisco 49ers,1,0,1,1,16,0.4,0.266666666667,0.4,0.266666666667,0.6875,0.5,9.0,2015,12,27,7,1,0.7941,0.7941,0.2059
2015-12-27,Dallas Cowboys,6,Buffalo Bills,16,6.0,,2015,,Buffalo Bills,Dallas Cowboys,1,0,1,1,16,0.466666666667,0.266666666667,0.466666666667,0.266666666667,0.5625,0.75,6.0,2015,12,27,7,1,0.72962,0.72962,0.27038
2015-12-27,Chicago Bears,26,Tampa Bay Buccaneers,21,3.0,,2015,,Tampa Bay Buccaneers,Chicago Bears,1,0,0,0,16,0.4,0.4,0.4,0.4,0.125,0.3125,3.0,2015,12,27,7,1,0.53202,0.53202,0.46798
2015-12-27,Carolina Panthers,13,Atlanta Falcons,20,-7.0,,2015,,Carolina Panthers,Atlanta Falcons,0,1,1,0,16,0.533333333333,0.933333333333,0.933333333333,0.533333333333,0.4375,0.375,7.0,2015,12,27,7,1,0.79719,0.79719,0.20281
2015-12-27,New York Giants,17,Minnesota Vikings,49,6.0,,2015,,Minnesota Vikings,New York Giants,1,0,1,1,16,0.666666666667,0.4,0.666666666667,0.4,0.4375,0.375,6.0,2015,12,27,7,1,0.72279,0.72279,0.27721
2015-12-27,Los Angeles Rams,23,Seattle Seahawks,17,13.5,,2015,,Seattle Seahawks,Los Angeles Rams,1,1,0,0,16,0.6,0.466666666667,0.6,0.466666666667,0.75,0.375,13.5,2015,12,27,7,1,0.91528,0.91528,0.08472
2015-12-27,Green Bay Packers,8,Arizona Cardinals,38,4.5,,2015,,Arizona Cardinals,Green Bay Packers,1,0,1,1,16,0.866666666667,0.666666666667,0.866666666667,0.666666666667,0.6875,0.75,4.5,2015,12,27,7,1,0.70258,0.70258,0.29742
2015-12-27,Pittsburgh Steelers,17,Baltimore Ravens,20,-10.0,,2015,,Pittsburgh Steelers,Baltimore Ravens,0,1,1,0,16,0.333333333333,0.6,0.6,0.333333333333,0.6875,0.625,10.0,2015,12,27,7,1,0.85666,0.85666,0.14334
2015-12-28,Cincinnati Bengals,17,Denver Broncos,20,3.5,,2015,,Denver Broncos,Cincinnati Bengals,1,0,1,1,16,0.733333333333,0.733333333333,0.733333333333,0.733333333333,0.75,0.625,3.5,2015,12,28,1,1,0.60993,0.60993,0.39007
2016-01-03,New York Jets,17,Buffalo Bills,22,-3.0,,2015,,New York Jets,Buffalo Bills,0,1,1,0,17,0.5,0.625,0.625,0.5,0.25,0.5625,3.0,2016,1,3,7,1,0.60861,0.60861,0.39139
2016-01-03,New England Patriots,10,Miami Dolphins,20,-10.5,,2015,,New England Patriots,Miami Dolphins,0,1,1,0,17,0.375,0.75,0.75,0.375,0.75,0.5,10.5,2016,1,3,7,1,0.87572,0.87572,0.12428
2016-01-03,Tampa Bay Buccaneers,10,Carolina Panthers,38,10.5,,2015,,Carolina Panthers,Tampa Bay Buccaneers,1,1,1,1,17,0.9375,0.375,0.9375,0.375,0.4375,0.125,10.5,2016,1,3,7,1,0.89808,0.89808,0.10192
2016-01-03,New Orleans Saints,20,Atlanta Falcons,17,4.0,,2015,,Atlanta Falcons,New Orleans Saints,1,1,0,0,17,0.5,0.4375,0.5,0.4375,0.375,0.4375,4.0,2016,1,3,7,1,0.65834,0.65834,0.34166
2016-01-03,Baltimore Ravens,16,Cincinnati Bengals,24,9.0,,2015,,Cincinnati Bengals,Baltimore Ravens,1,1,1,1,17,0.75,0.3125,0.75,0.3125,0.625,0.625,9.0,2016,1,3,7,1,0.87638,0.87638,0.12362
2016-01-03,Pittsburgh Steelers,28,Cleveland Browns,12,-10.5,,2015,,Pittsburgh Steelers,Cleveland Browns,0,1,0,1,17,0.1875,0.625,0.625,0.1875,0.6875,0.4375,10.5,2016,1,3,7,1,0.87356,0.87356,0.12644
2016-01-03,Jacksonville Jaguars,6,Houston Texans,30,6.0,,2015,,Houston Texans,Jacksonville Jaguars,1,1,1,1,17,0.5625,0.3125,0.5625,0.3125,0.5625,0.1875,6.0,2016,1,3,7,1,0.74352,0.74352,0.25648
2016-01-03,Tennessee Titans,24,Indianapolis Colts,30,6.0,,2015,,Indianapolis Colts,Tennessee Titans,1,1,1,1,17,0.5,0.1875,0.5,0.1875,0.6875,0.125,6.0,2016,1,3,7,1,0.74365,0.74365,0.25635
2016-01-03,Oakland Raiders,17,Kansas City Chiefs,23,6.5,,2015,,Kansas City Chiefs,Oakland Raiders,1,1,1,1,17,0.6875,0.4375,0.6875,0.4375,0.5625,0.1875,6.5,2016,1,3,7,1,0.76717,0.76717,0.23283
2016-01-03,Washington Redskins,34,Dallas Cowboys,23,3.5,,2015,,Dallas Cowboys,Washington Redskins,1,1,0,0,17,0.25,0.5625,0.25,0.5625,0.75,0.25,3.5,2016,1,3,7,1,0.53535,0.53535,0.46465
2016-01-03,Philadelphia Eagles,35,New York Giants,30,3.5,,2015,,New York Giants,Philadelphia Eagles,1,1,0,0,17,0.375,0.4375,0.375,0.4375,0.375,0.625,3.5,2016,1,3,7,1,0.625,0.625,0.375
2016-01-03,Detroit Lions,24,Chicago Bears,20,1.0,,2015,,Chicago Bears,Detroit Lions,1,1,0,0,17,0.375,0.4375,0.375,0.4375,0.3125,0.6875,1.0,2016,1,3,7,1,0.52438,0.52438,0.47562
2016-01-03,Minnesota Vikings,20,Green Bay Packers,13,3.0,,2015,,Green Bay Packers,Minnesota Vikings,1,1,0,0,17,0.625,0.6875,0.625,0.6875,0.75,0.4375,3.0,2016,1,3,7,1,0.60605,0.60605,0.39395
2016-01-03,San Diego Chargers,20,Denver Broncos,27,9.0,,2015,,Denver Broncos,San Diego Chargers,1,1,1,1,17,0.75,0.25,0.75,0.25,0.75,0.5625,9.0,2016,1,3,7,1,0.87863,0.87863,0.12137
2016-01-03,Seattle Seahawks,36,Arizona Cardinals,6,6.5,,2015,,Arizona Cardinals,Seattle Seahawks,1,1,0,0,17,0.8125,0.625,0.8125,0.625,0.6875,0.75,6.5,2016,1,3,7,1,0.80356,0.80356,0.19644
2016-01-03,Los Angeles Rams,16,San Francisco 49ers,19,-3.5,,2015,,Los Angeles Rams,San Francisco 49ers,0,1,1,0,17,0.3125,0.4375,0.4375,0.3125,0.375,0.5,3.5,2016,1,3,7,1,0.60917,0.60917,0.39083
